{"version":13,"hash":{"type":"Buffer","data":"ehyIr8S1BmRBmdOymVV98DWFF0Xc3LvSGiZykkVsmVgy3eWyxDYep5Y722SMYMO+G4Ftb21ZoQy9QXFRxrgaNv+TYg/pX+63IF/03bzYTm/p3+Ho8XdvFyRLyI5wMEadqq76Cz7tUI4SJH3AGQZd6EupdYlZuY/HA43dIMpsmVo="},"indexValueMap":{"v8PVcWgAWpAJY+iiRIY3bvOtCgUk3x4cSoj2HlOKyJw=":{"valueMac":{"type":"Buffer","data":"sxftDrXMAKoTkpdGqgxAlUTQlmd+mSffQq3sz0+j1O4="}},"hZMiSEduns4BBclYhv+APcaEqiwT+vmg/5Z+JdBAtAQ=":{"valueMac":{"type":"Buffer","data":"Q4A+B18uf7XmsIHm9PtFEodEgPfX2AL+vgWV/GqB4JE="}},"CyNawEr0G47pGUjssvF+esYNauZI1AdLjV2NbLsqdQI=":{"valueMac":{"type":"Buffer","data":"uDP3nIpFDEbZSgjcqyCRdQIwOiQ849HsVIycB5v6y6s="}},"xf2tOb8pPCUt6uhQntnIz1fbDB4lOJp5TZpLhlQxqT8=":{"valueMac":{"type":"Buffer","data":"kku41cfSTmIvZolcfpUk0dPn4Eew0PnTBPZPCA1z+0g="}},"owcyhYRfFARVieTAQhtrlxnFmQRsn73SzHB9COX6tls=":{"valueMac":{"type":"Buffer","data":"FX3M9tXfM5UO11g+tC7TrOQrzPapmj0VdGKs/Hv0N6M="}},"x342jnle3Gj3ACtsgSszMSI49wAbzuQoNs0xvka3evY=":{"valueMac":{"type":"Buffer","data":"xgPQtrDKdsHHbX/pI6NhKO2EHs7gZjGE5ODkazs9CXI="}},"g5QgVt8nNAFClUDC3D+2giaHSPrq8OK8Ct4O/eRfDIg=":{"valueMac":{"type":"Buffer","data":"bZNv8vVpcePNcWrj4zGxLMeI96j1fiemHf064rL3hMU="}},"SNB4/YQsvlg1lfms+gmmidB6Oy7Rkd30P2x881WL/aU=":{"valueMac":{"type":"Buffer","data":"9/y48EqDA+5qR/RmT3La0OAFVBGjBTJwp6i1taynWW0="}},"plVHZNZlwJ2iiYcb6TXUbeJY/RsDo/JFG1siFUnrIiA=":{"valueMac":{"type":"Buffer","data":"cAMW5gdDdFGYJyzNDU4lkekLLCtUMmI5xBJqcNePS+s="}},"Q3Tr7aBwUdOkyRGEGppCoSmdj8/fopwaCh5gwc9tRpQ=":{"valueMac":{"type":"Buffer","data":"S0rCh7QahOVzydqrBxoxv/gejRhfm6R6ZNDY+j+aOUk="}},"eMpcMh0OBIrl/g1ck6D+AVCuxze0TTSSJ2pz+9z+8nM=":{"valueMac":{"type":"Buffer","data":"x6EVY1pGLkVDKKFNHL+o8E5GRUSVs8Q/f8U6rgFxIXk="}},"DiRpogyfR5jzq/791+rBJ3WxoJEsOzOAkz0qtKDk1tM=":{"valueMac":{"type":"Buffer","data":"jgabstIeSClrkaRv7S5RuZ2+Ocbw626e1KrYLYK79Kw="}},"q8x8xE+pzd6QSMHUl6SWsrG5wtEJquX+TvZbFWuxTxI=":{"valueMac":{"type":"Buffer","data":"/2/VJWRCjJh8J5mAPkoITQ+edn2Y8gYxUCdNjxGQnvQ="}},"ea+6yOWxedCVFrndPxeglKzPfw/WG/lEZexNVJzTixg=":{"valueMac":{"type":"Buffer","data":"B2KYkkLrLp9p3e9Y+Zoql8Ky0eOQoI3NqSXIRA8mt9Q="}},"9iADm8M1158mMP7wvefRiDSW6pLZLjtzSQ/8k7LP72U=":{"valueMac":{"type":"Buffer","data":"tCKXlyBmSOcMrHJQAZ00OJo7sHhU13W/p1FyMQgcIRo="}},"Kjz8YvzqhvZWTwR5ocWptKfK0/UaAse/F9LJ/rilOFo=":{"valueMac":{"type":"Buffer","data":"9EAIvWHITHZzq+UVZZou1GPmm3Srj9XOSJyNfxE5xzE="}},"ONOMN8PJJHccekth3VO/i6TvTrQ4rboFKhCmBztTkCw=":{"valueMac":{"type":"Buffer","data":"Z+R1LULZB0BcTdSDDA1+EmU2e/BzbedsUwufyYYfB+M="}},"gZmpzvhd9sv8VeZOqHT7zBDbuiWpPELjL+FNbLhRDUo=":{"valueMac":{"type":"Buffer","data":"2N+W8sSXgicfjGx/lqwJk9faQAp3NMt5jUuYxNQk4fo="}},"Bl1kA6p9wKkzO17DT/XwuW9ol0Y91YviPbqDnVOLg14=":{"valueMac":{"type":"Buffer","data":"2j1NY2z562pRy9tQoi8k9NBHy4Siy+6kZ4KJpUIq0uY="}},"SGR8I7v+k5zsCEpi85U9iNtn+P93ODOvgeXDAJBTwgo=":{"valueMac":{"type":"Buffer","data":"tf48DA3LYmZvm1vOnTRKyXQ5ItdnrKsvPmEGELuFQDk="}},"+Z6f94LDZElXd6bLSS84eIBEFvDWwIq0iPhDhoxi9fE=":{"valueMac":{"type":"Buffer","data":"PiUUTD8WqPlq2va18w/dgckawj2gbWphYk6/npRTPqc="}},"DrIXWvp09HEQDhSGkFqJya2BgbrY37ZnWBHh9JITQWs=":{"valueMac":{"type":"Buffer","data":"8biOUleL3uRn+7CcFtVptYqjlk3KuEJ9D/f2MKvKYpM="}},"kuJxu5am3KAsQ3OsMFUhO1D9dR/ShPC0vmN2IH96aFU=":{"valueMac":{"type":"Buffer","data":"s5MHpWfS3MCjsd5FJ+ODG33qw+8Y0YfG9w6WW9986BU="}},"YQH70TcDbqVMF2r3eGj6kjU4RPXx4mxONEE8Jr3HBLw=":{"valueMac":{"type":"Buffer","data":"FFy8aSWJYGgtXqLKTZDOUT4D3YnZ08eI4/ZURO67tS8="}},"TbdvLlMee6z16ACoA6MzR6hbb1ucb3AVdOMNssWlsxE=":{"valueMac":{"type":"Buffer","data":"AJ2ukakPTlSVNJWluNVUql9ULABQ4SnPRzpNR36qgYY="}},"IkX6t6OeKJonmITnXcHvZssk//rMpN5QbuGCznoeP7k=":{"valueMac":{"type":"Buffer","data":"CPGdCs2tekBU2NB3d8drQd6sKVpET6XuF35euCiVMGU="}},"yomvgr2qDrEGgLU+N0YLroo1M4YDlROKT91igcYGcNc=":{"valueMac":{"type":"Buffer","data":"6/euaFpyJiqatsHFCEUXCJGwgCjmH1FwSQRlLCsknkU="}},"N8Vi/OHjw100OngyNWaJzc544SDml6O+8PvWguPdfrg=":{"valueMac":{"type":"Buffer","data":"twW0e9hO/ZKTFEOiWOXMfeK7O5uTpWblnrzrphLe+1Y="}},"HHVHRdj2G4IQc39axaOwgV6XCc2qeRkPuUWI3LBVwZs=":{"valueMac":{"type":"Buffer","data":"4ugoO/bQLxILr0YFHqIWebC5vS4M7FjRYIT41I1ykNw="}}}}