{"version":17,"hash":{"type":"Buffer","data":"Ir79oOqbs1no8Icm+petRZrThq4YRUqegRKiw/zMpdvw5VYIvXkL9l4Ap6BdcF6wG1HccOysGVqJgWnZXWHl4XBSU0F8p/exCTyu5mGc1wsDq6gWMe4sH2X0FD7hapl7wH+3yDP1V3zPSz1mV5ykBi2RWnX8k2dhx/lq1twx57E="},"indexValueMap":{"ISk9RPr4by+p5QOnk508JDt0aQf+J7BfuRAQV1H+gdo=":{"valueMac":{"type":"Buffer","data":"LeD/U/bZh1nBqTZ1/0fYo4GZZPdrH+Q26Cgh8jBp74U="}},"JVYRVsCsewBeHHjkld6NYAJSm0GMM2ycTlieiqTJbAs=":{"valueMac":{"type":"Buffer","data":"jfGvkfHDTVrNMHX+lO8dJP2aCAFAPObS/opxwxZSUCQ="}},"KbpfyJ3prlQRPvQ++Y8kH0DKcOfRTwjvAS1FLgCVVqk=":{"valueMac":{"type":"Buffer","data":"/B+yftEc1WmqWhT3+P95FM32Wn3U77/ByygV0xooLoQ="}},"OGgYF5f2gt08G7uylTH7ced85NfGJhO/YuvBX8aycDI=":{"valueMac":{"type":"Buffer","data":"eVzSGTvv2scSNVPL8U0A0exaujBB84Nt/soGZA8VSLo="}},"PKlcArbboKQYpNFUFeo3Ad90TJDE6DuqgnMpwwdvy/I=":{"valueMac":{"type":"Buffer","data":"qxqFqVYDfc11ySadzErdapiCRSDL1Mnlqt3O+PsSe/k="}},"oYlCvHRqFBmXnPO8nLY7AB0DXXr06aNEe9N9kYVoh6s=":{"valueMac":{"type":"Buffer","data":"p6pGgT2Yaf8RGdbIiYcOel+fEdoCDIjaW0MRr17g5Kw="}},"sp+6/nNfKClVg086oYqZDQnYID2NauEQ+ZFStE2Bjjs=":{"valueMac":{"type":"Buffer","data":"Otlw/LIjs/eDXvw8NvvPD6GDk2Quc6DUQ6ev2monXN4="}},"9wQQyHiBix/HNWIiD0HdSAdpc+BucNRmwy4dyEDW1Ag=":{"valueMac":{"type":"Buffer","data":"LUlSUKjihlunBnOtzeDPoniQT2neEGK3aNgCN6UxDsA="}},"+e0wMG0nBk1Btea2xLimm4AgIVSkqcn65h4kb82SXIo=":{"valueMac":{"type":"Buffer","data":"ZDTpQkw9XCrGYqQT/HU03XgUGU3vjUFUMJEinG5GTTE="}},"aasmpre65Mu2lWkZh7gQ7nB5gRmMNTmzLRwAD3M8lyk=":{"valueMac":{"type":"Buffer","data":"2ztuEndhLZmsbR7ApSrNC17deOjQjU3Z9dtV1LPq4ls="}},"8OyBspjRaGHFanK8LO17e0Ul5UCt2+kIK5LVGkcZRTY=":{"valueMac":{"type":"Buffer","data":"Zv2RSixFVKTcNuvDb0+c8Nh5JEFBScmmNzSWzyRGjy4="}},"3a2CoebVxwUKAMngEyzy1804d6HY02/GCleXFtMX7Ng=":{"valueMac":{"type":"Buffer","data":"Bv5W5ngUtMJqF4Mg8ZoFFZhKzzhEZ+dk6wVqopLMEA8="}},"9JF99bzDTawkZZa5q/LKsYMZtWGAulnWTL+dDM44sqc=":{"valueMac":{"type":"Buffer","data":"/ZRvJUZSR+zVGesxc+Oy78KgeudNJVorUJhNqadyFws="}},"RgLT0D5XEuyRmMRGSKV7iz84CDSjks9nMYpC9x2jZXA=":{"valueMac":{"type":"Buffer","data":"im1nJef1B2v0h2LC4DEFYNY3qVYjOCWQpTSSCGXUiSg="}},"bsMVfNx0ES4eCyV7enLYt5nMfhQgjRM6UbXOEO8L7PE=":{"valueMac":{"type":"Buffer","data":"6aM61ejufelW2oV5i1mZE4g6LxL0IhpOsE2PHnsonq0="}},"/7NJ9Um5zBOI+hCHCl9i95Woy9UJcREXipR3142iETw=":{"valueMac":{"type":"Buffer","data":"quzqZcc4FbIelDyfIYW1j+zxJC4mlMnRAnBijiM1crw="}},"ABh4TM1V2C4cwHhG0m9LxsTcB3fbZirx6ZLg/xXYKxM=":{"valueMac":{"type":"Buffer","data":"zGbMyAJm2+wE9ndBmmr5lMgi6w7rg6aOHiybZ9Lxq4U="}}}}