{"noiseKey":{"private":{"type":"Buffer","data":"mDq+fVD7+fksE4Ih/H5KolxK8f/iuIQyC+H+oR8uuEs="},"public":{"type":"Buffer","data":"zCbAJQdmGLGTim8+R+h+sy6dE1avv+onx7x56okmpFQ="}},"pairingEphemeralKeyPair":{"private":{"type":"Buffer","data":"8Cx9klKznsGZ/A2YIsoDti4cQiMr78RrZxpv6aNVTUE="},"public":{"type":"Buffer","data":"R+82T4njXI4yjJ6aTdXEMUOlFKu4vdzPNgJYvyfgjQo="}},"signedIdentityKey":{"private":{"type":"Buffer","data":"IGtC3ySF4WtExBL/I0hB1SVURaJdIZhh9/Dn8U+htWM="},"public":{"type":"Buffer","data":"oGPKrGorp1+Ts0x2Qbm5VoZLaSdUNRnNfjOd6ksG3nc="}},"signedPreKey":{"keyPair":{"private":{"type":"Buffer","data":"qJXy/Pq+rOOgqLrUbr+hGu0uc99nEiwviPNm2zrZPHk="},"public":{"type":"Buffer","data":"a8+VaTj5i54X4sQeBACN1gjvb+D7xoEQRhEGWJjd52Q="}},"signature":{"type":"Buffer","data":"A0mU6yJKHS3upJcz1vJluYkiCvdEIj0GSiD8x0+U3ke/Qdtok6NSdjRvFyrB2Qwv3bDhcYRegCCRxMIwx1Fnig=="},"keyId":1},"registrationId":99,"advSecretKey":"d/EGcsD2uHhw2CF0w3kfxgPIfGe5nS2QXEtkZsSrMWs=","processedHistoryMessages":[{"key":{"remoteJid":"6285174667722@s.whatsapp.net","fromMe":true,"id":"B0DEFA95425BCF583EC836C9C2840458"},"messageTimestamp":1710316527},{"key":{"remoteJid":"6285174667722@s.whatsapp.net","fromMe":true,"id":"BAD574CA6F50F737C9583E338B13BA8D"},"messageTimestamp":1710316527},{"key":{"remoteJid":"6285174667722@s.whatsapp.net","fromMe":true,"id":"25E8E0C0B50A38BC7087BD73047699CF"},"messageTimestamp":1710316536},{"key":{"remoteJid":"6285174667722@s.whatsapp.net","fromMe":true,"id":"2BAF4A6B14F9DB33E3639D309BA64029"},"messageTimestamp":1710316537},{"key":{"remoteJid":"6285174667722@s.whatsapp.net","fromMe":true,"id":"28449D2E8E6BD7292BBC7A884BBF9E2C"},"messageTimestamp":1710316539}],"nextPreKeyId":237,"firstUnuploadedPreKeyId":237,"accountSyncCounter":1,"accountSettings":{"unarchiveChats":false},"deviceId":"V95cWzbeT2aLSV-omNke0w","phoneId":"5b98c354-ea45-42a6-a4ac-859b8c7756da","identityId":{"type":"Buffer","data":"f8bxMmpHKa4+om1Wra1P1VGnbYM="},"registered":false,"backupToken":{"type":"Buffer","data":"+YAYoxAtwYfJHAoMY9jqXSoC6RQ="},"registration":{},"account":{"details":"CL+5v8YHEOm3xa8GGAUgACgA","accountSignatureKey":"TjdvKjGc2r3ITGLL5jRDysqTgJz9LTxaAbeeMRlUrSA=","accountSignature":"Gtwcrpx0NDzgp7diJYuvVVHHbdyx9GPqMIoeqZle4tuBtflQVTOTF9iMA8H8pIknk0+srrODXis/bY3+Sq/5CA==","deviceSignature":"qs2aCIWZea1fU0R/FH0G3AkC2/o8JrTVXFwXC08p+1U6+7S7GeJnvQjqZGglvtoBQruZNKk/mCLwe5cCue0Ajw=="},"me":{"id":"6285174667722:61@s.whatsapp.net","name":"ZANN - TOPUP","lid":"87351346856081:61@lid"},"signalIdentities":[{"identifier":{"name":"6285174667722:61@s.whatsapp.net","deviceId":0},"identifierKey":{"type":"Buffer","data":"BU43byoxnNq9yExiy+Y0Q8rKk4Cc/S08WgG3njEZVK0g"}}],"platform":"smba","lastAccountSyncTimestamp":1713695396,"myAppStateKeyId":"AAAAAD64"}