[{"senderKeyId":864626230,"senderChainKey":{"iteration":134,"seed":"iK4rHDkWOxJ2i9c147XsBMWMTW/3ZNwadt1zlhGHF+4="},"senderSigningKey":{"public":"BQXfdmwSyBskNbza9+4l8sQv5+Cp95jzJxZEcGXkA20a"},"senderMessageKeys":[]},{"senderKeyId":933728106,"senderChainKey":{"iteration":81,"seed":"n+YW6Yp5Q/G8vLKwCnYxrUYunpeZz9OVRpbQTvwd/YI="},"senderSigningKey":{"public":"BXTheZi5WYNU9fI97uhIH8uG3hpAAzUJ92dwgz+jKzFW"},"senderMessageKeys":[{},{}]},{"senderKeyId":1215913829,"senderChainKey":{"iteration":186,"seed":"j85i6Xc6nvu5K12Rfxy9s1MUnC3Mb1I8ieWFkK5sffI="},"senderSigningKey":{"public":"BShjBjRAwezvU29TtPiakGvk/e/f8GZNAJ/UkLEGFS9X"},"senderMessageKeys":[]},{"senderKeyId":160264605,"senderChainKey":{"iteration":45,"seed":"JC7ntejaGpqVVXe/RkCJpSV78VjHaYzcVcJDiuAcV0E="},"senderSigningKey":{"public":"BR8ooX9pRRZhoqBmKCWc2caFNUPzHD4cZ1ZX54xyJngA"},"senderMessageKeys":[]}]