[{"senderKeyId":118597336,"senderChainKey":{"iteration":323,"seed":"N3cJIhR/nelgnESDrOHrwMod1s3WZLNo52mqXcL+Noc="},"senderSigningKey":{"public":"Bf6U1NewyJMKCJ0VB9Jgwezy3az22Nj9vZg5p9bgRqtl","private":"yGDq+Pkv++4a/kXzxHvRkmJXOzsX/el411lKihCCuXg="},"senderMessageKeys":[{},{},{},{},{},{},{},{},{},{},{},{},{},{},{},{},{},{},{},{},{},{},{},{},{},{},{},{},{},{},{},{},{},{},{},{},{},{},{},{},{},{},{},{},{},{},{},{},{},{},{},{},{},{},{},{},{},{},{},{},{},{},{},{},{},{},{},{},{},{},{},{},{},{},{},{},{},{},{},{},{},{},{},{},{},{},{},{},{},{},{},{},{},{},{},{},{},{},{},{},{},{},{},{},{},{},{},{},{},{},{},{},{},{},{},{},{},{},{},{},{},{},{},{},{},{},{},{},{},{},{},{},{},{},{},{},{},{},{},{},{},{},{},{},{},{},{},{},{},{},{},{},{},{},{},{},{},{},{},{},{}]}]