[{"senderKeyId":2072659740,"senderChainKey":{"iteration":15,"seed":"sKu6g2twx5XzhJOO6fk208H3Zm6nVXf2cwAy5yha3wM="},"senderSigningKey":{"public":"BQecxlJio4ciQ2Pt9cY24bud61rFlqX+lgYyg25kaaRa"},"senderMessageKeys":[{"iteration":3,"seed":"5S1lIFdHx8z/unFF7AfTo2eu0xsUaY8Suc73+bdYfLQ="},{},{},{},{},{}]},{"senderKeyId":2072659740,"senderChainKey":{"iteration":5,"seed":"SL05rDvKg65EU6fnyfztVp9faAtIFI6zQUapl3Qpiq8="},"senderSigningKey":{"public":"BQecxlJio4ciQ2Pt9cY24bud61rFlqX+lgYyg25kaaRa"},"senderMessageKeys":[]},{"senderKeyId":2072659740,"senderChainKey":{"iteration":7,"seed":"JVtPbtA6lsFyxOKHkHg9bVK9Xbg12bMJ2id1EPwgCkw="},"senderSigningKey":{"public":"BQecxlJio4ciQ2Pt9cY24bud61rFlqX+lgYyg25kaaRa"},"senderMessageKeys":[]},{"senderKeyId":2072659740,"senderChainKey":{"iteration":9,"seed":"eiunB8TGwNkSIpK3nwJUuIx9h8opOYjtvKFW6DvCQf0="},"senderSigningKey":{"public":"BQecxlJio4ciQ2Pt9cY24bud61rFlqX+lgYyg25kaaRa"},"senderMessageKeys":[]},{"senderKeyId":2072659740,"senderChainKey":{"iteration":11,"seed":"65QJ5Nbxua4Mvmhnufm5do+0tIPzkrI9PWG9KYW8gbk="},"senderSigningKey":{"public":"BQecxlJio4ciQ2Pt9cY24bud61rFlqX+lgYyg25kaaRa"},"senderMessageKeys":[]}]