[{"senderKeyId":589745779,"senderChainKey":{"iteration":14,"seed":"DIjzkQzccmpw0VNUlC7WA61LOWjUiesaLOP51yHYfLg="},"senderSigningKey":{"public":"Bd0/iPIouRs9EBLv64lNU7ehk7lbjb+z9XECScVG015O"},"senderMessageKeys":[{}]},{"senderKeyId":589745779,"senderChainKey":{"iteration":2,"seed":"wicQNojSl7uwjNc4Kl7eRN85m1fBuqfEFgFiE6G+mFc="},"senderSigningKey":{"public":"Bd0/iPIouRs9EBLv64lNU7ehk7lbjb+z9XECScVG015O"},"senderMessageKeys":[]},{"senderKeyId":589745779,"senderChainKey":{"iteration":3,"seed":"2WMJ/EnSiz1mVKHgMgGSTbsVsCOaMwYKDBZCa9GCZNY="},"senderSigningKey":{"public":"Bd0/iPIouRs9EBLv64lNU7ehk7lbjb+z9XECScVG015O"},"senderMessageKeys":[]},{"senderKeyId":589745779,"senderChainKey":{"iteration":4,"seed":"7pKIAD9AQShPF/gl+TMes69rreVbznzG03v4nqO7eyA="},"senderSigningKey":{"public":"Bd0/iPIouRs9EBLv64lNU7ehk7lbjb+z9XECScVG015O"},"senderMessageKeys":[]},{"senderKeyId":589745779,"senderChainKey":{"iteration":5,"seed":"Q8zzFeTiJpXqCdkekrj89GJviY1PMhY/YgDfE2Snbm0="},"senderSigningKey":{"public":"Bd0/iPIouRs9EBLv64lNU7ehk7lbjb+z9XECScVG015O"},"senderMessageKeys":[]}]