[{"senderKeyId":1832944781,"senderChainKey":{"iteration":429,"seed":"YNRNqhDUAzdPEKo/IOrrhCfbid7pMTQZGxdHzynZ05k="},"senderSigningKey":{"public":"Ba2mUWjs72+3EDTDdM385+AfMcNpWGeYj9+9HbQnmJsx"},"senderMessageKeys":[]},{"senderKeyId":1832944781,"senderChainKey":{"iteration":60,"seed":"nNCX8ulBpM/OqS0nKQajQy9wS/vYkIdvScjULTrpgcU="},"senderSigningKey":{"public":"Ba2mUWjs72+3EDTDdM385+AfMcNpWGeYj9+9HbQnmJsx"},"senderMessageKeys":[]},{"senderKeyId":1832944781,"senderChainKey":{"iteration":120,"seed":"RfZyxxKsu7/1z8QaYusJz5q8d2AdEaS4YxrnUsWl8pE="},"senderSigningKey":{"public":"Ba2mUWjs72+3EDTDdM385+AfMcNpWGeYj9+9HbQnmJsx"},"senderMessageKeys":[]},{"senderKeyId":1832944781,"senderChainKey":{"iteration":126,"seed":"DeUmH7PM8jdf7OTJG11vsJojIHxwrCad3YgaQsmGZGQ="},"senderSigningKey":{"public":"Ba2mUWjs72+3EDTDdM385+AfMcNpWGeYj9+9HbQnmJsx"},"senderMessageKeys":[]},{"senderKeyId":1832944781,"senderChainKey":{"iteration":382,"seed":"di/nxtcJ3xTszZBL2TcHuR8xKMMix0yXknuGhGCVugk="},"senderSigningKey":{"public":"Ba2mUWjs72+3EDTDdM385+AfMcNpWGeYj9+9HbQnmJsx"},"senderMessageKeys":[]}]