[{"senderKeyId":1260788320,"senderChainKey":{"iteration":37,"seed":"t9Phgq1x2qWs9bZK/N9zzkblTaVXQu/jd1hfodlN6cE="},"senderSigningKey":{"public":"BVDZ0OerhKsVsCDZOjUUh3fDzcjmP8dXtfYS653YPsEE"},"senderMessageKeys":[{},{}]},{"senderKeyId":1260788320,"senderChainKey":{"iteration":18,"seed":"rmmB6TfnafjIBE26bMrbtMZUzutvcDRIGaxA/w3Gf/Y="},"senderSigningKey":{"public":"BVDZ0OerhKsVsCDZOjUUh3fDzcjmP8dXtfYS653YPsEE"},"senderMessageKeys":[]},{"senderKeyId":1260788320,"senderChainKey":{"iteration":21,"seed":"dnZD61t4/i1nsOQ+mppOVtrLE9FcXkpNc1SL54cVU2Y="},"senderSigningKey":{"public":"BVDZ0OerhKsVsCDZOjUUh3fDzcjmP8dXtfYS653YPsEE"},"senderMessageKeys":[]},{"senderKeyId":492466917,"senderChainKey":{"iteration":2,"seed":"xvrVn+IgD+sHqNcCwS5woblPhgT67eOlTUV5qIhnKYI="},"senderSigningKey":{"public":"BUAl1FrGctk85ocLQ8TB2GidD+vnaZmhnvUBBfUku5QD"},"senderMessageKeys":[]}]