{"_sessions":{"BfCHVUsXyHJ0+vait7L11yPlLMH2B9VX8VOD5hs9ddw/":{"registrationId":1109735259,"currentRatchet":{"ephemeralKeyPair":{"pubKey":"BfyrMP13V6vqgmw1QX/0ZcB3WGHRPCKWESD50rkXheI4","privKey":"aF0W50qzSPtTeCEvyQ1ZUTqW/sK1k4xIj+i+xtuMUE4="},"lastRemoteEphemeralKey":"BelqfTipJVUaWFP4Xrnrb765s2YbW3gcndzQHXi+43he","previousCounter":25,"rootKey":"stm7J7V2zKqgUtaQ08FF6j/5vI9P7XnQW2f/6f2xfSA="},"indexInfo":{"baseKey":"BfCHVUsXyHJ0+vait7L11yPlLMH2B9VX8VOD5hs9ddw/","baseKeyType":2,"closed":-1,"used":1710368174116,"created":1710319818810,"remoteIdentityKey":"BdlZoYx03NwxsbKqjnEFTV+gABvZVvLbMBb0CFHrozlZ"},"_chains":{"BXMuXGC64hPYpFvAbfwc7cWZan2EtPpabVpZH5aCHTMn":{"chainKey":{"counter":0},"chainType":2,"messageKeys":{}},"BWXL5SSCwiHtWZK05O43TULrcjxrX/0vwMWgTVDodEJS":{"chainKey":{"counter":0},"chainType":2,"messageKeys":{}},"BetheFmOG2XH6tFgPpXexxzi8hran/20i9+OrBySIcRP":{"chainKey":{"counter":0},"chainType":2,"messageKeys":{}},"BX3I2ozyJ00Ja/6tUwzyN/94Zn6SpR28lQpc4757av4z":{"chainKey":{"counter":0},"chainType":2,"messageKeys":{}},"BSoqcA0zjnweQg8IFYGqGFWvfE03lx94gdh1GL6dtmcg":{"chainKey":{"counter":0},"chainType":2,"messageKeys":{}},"BeSBxYR7Wc70rmll1HhzctXHNisbSDZhX/f3ZD/9L8lt":{"chainKey":{"counter":1},"chainType":2,"messageKeys":{}},"BdRnZV9PdnobNNbU1Z4HyFNjqcsaqz1yfatF7rWzsMds":{"chainKey":{"counter":0},"chainType":2,"messageKeys":{}},"BVJrH0lsWYml+pk3LE3mllIzuV9D2Si15dDJP8Bh7qtZ":{"chainKey":{"counter":0},"chainType":2,"messageKeys":{}},"BQ2n96pnvbj4X31CUwUyW318p1Ncfx6KPw2g8MnOu+Rm":{"chainKey":{"counter":0},"chainType":2,"messageKeys":{}},"BZ3K8uPfP4imAMIRVQ6GJGWLosGpj3ZIJd/A74dPO4MT":{"chainKey":{"counter":0},"chainType":2,"messageKeys":{}},"BcmJt2EU97R9JLBNdtWppNbJ1HNygn3uRgja3FvIwdsX":{"chainKey":{"counter":0},"chainType":2,"messageKeys":{}},"BVUhSC2g8szZxXGGMDOEVDU4yMvTTqWhJzdPikefdBYM":{"chainKey":{"counter":1},"chainType":2,"messageKeys":{}},"BZUD5FIlMKFZyMS6k6Ly1GInkRE57wBrVCkrL3o1bX4u":{"chainKey":{"counter":0},"chainType":2,"messageKeys":{}},"Bd7iG8mGexDuJGxZyk8ScCK+JzsmvxdH89Dk7g2Wv0ZF":{"chainKey":{"counter":0},"chainType":2,"messageKeys":{}},"BbIjvQqjNbjpJOILOuUl0GDjeKBSOIFyafhUIxNcJhsw":{"chainKey":{"counter":0},"chainType":2,"messageKeys":{}},"BZEqBEor11tXBQ+XAl2mGOeppPCc1YoijVGBGPpDmC57":{"chainKey":{"counter":0},"chainType":2,"messageKeys":{}},"BZkmSEr49E21m/kqzX53UKNdk0tmXe1oZTOps3uxsMdy":{"chainKey":{"counter":0},"chainType":2,"messageKeys":{}},"Be5cDtxfNc0YHXPQeABYk1zRM5XlUyknaQ0UtFj34pZh":{"chainKey":{"counter":0},"chainType":2,"messageKeys":{}},"Ba+3wg3pNEn6qAw3fZegfP0wxxF7jWlOCtXJIzulZlND":{"chainKey":{"counter":0},"chainType":2,"messageKeys":{}},"BezTahWyGvH+QS5QIF80n940Os9QbNDkM8kb3Plsnz0u":{"chainKey":{"counter":0},"chainType":2,"messageKeys":{}},"BcexdWRLvN4Oag5bbkKZjgnBlmcVXxslP9IQYMqEeMB3":{"chainKey":{"counter":0},"chainType":2,"messageKeys":{}},"BXG+JHEfyFIRZLJkRfFRRCeiVm0Ijdt/4UhQQsPfN2RW":{"chainKey":{"counter":0},"chainType":2,"messageKeys":{}},"BfkKhWWuVVsuknXc72tsORu+9WeOJK9jJDnPLa8V8Ud+":{"chainKey":{"counter":0},"chainType":2,"messageKeys":{}},"Be9AUWMPtaJ8HOQfFcl+245VAiMMMWiAqbV+ioX7ko0Z":{"chainKey":{"counter":0},"chainType":2,"messageKeys":{}},"BcHtemfxD9R55RFzNKYET5gvibr5NIJ9ri/5ZrUxVrd3":{"chainKey":{"counter":0},"chainType":2,"messageKeys":{}},"BcQG3zBeLyijMr2kwfDBGe5X5OVZ9tbvs/mEAZzP7BV+":{"chainKey":{"counter":0},"chainType":2,"messageKeys":{}},"Bc0PcIaaw5HpVVuDGHJLyGi/JBOuVz1QK6UvCr/YMHdm":{"chainKey":{"counter":0},"chainType":2,"messageKeys":{}},"BTivRjteSa13q1DHTMOtbccxz7eD1jq3yO8zV8AIewQ4":{"chainKey":{"counter":0},"chainType":2,"messageKeys":{}},"BWzpOMSdiaoEE0RygJOZVECYktwZmfJaAtk8o9mvFn1S":{"chainKey":{"counter":0},"chainType":2,"messageKeys":{}},"Bf+UqXJHcfynkwkRLr5Hp3+5tDk3E2jVFyKaSiESLoQ+":{"chainKey":{"counter":0},"chainType":2,"messageKeys":{}},"BapDj6Tc54OQsevUxvBh5a8YADAd4cyFVR1s8Q6N1705":{"chainKey":{"counter":0},"chainType":2,"messageKeys":{}},"BUuQzfRZPOzb74koGuNibAm/hL45yWcm+SZBwFxKqphi":{"chainKey":{"counter":0},"chainType":2,"messageKeys":{}},"BVHba9JZKjYPGkQH/F0U516WCA2B7aU7dx88PI3Eiu8J":{"chainKey":{"counter":0},"chainType":2,"messageKeys":{}},"BVjbcyYOnz7XR4qX2VGSx3gUIDtC3zIJJrXruELmnz5q":{"chainKey":{"counter":0},"chainType":2,"messageKeys":{}},"BY2/+wZQyQ0CjJS7M1NsmClvgt+0CtoaxeceAhLQtLkq":{"chainKey":{"counter":0},"chainType":2,"messageKeys":{}},"BWfNqxJI4eU+jB1Y3vQqx2G5udQHJlp+4nAMfw94ABIm":{"chainKey":{"counter":0},"chainType":2,"messageKeys":{}},"BVvW3WK55Vs1S1i7EXNu/sgxz8hjbVSAXaL8/vRfA0p0":{"chainKey":{"counter":1},"chainType":2,"messageKeys":{}},"BZ8ld13NkRlkC2gKHkCwRUCDiAY5ftKh1+YD6kx8788x":{"chainKey":{"counter":0},"chainType":2,"messageKeys":{}},"BQkXvMhZkufqXEfpguxXnpmGbC92iKtDUAqnCSVOKaZ7":{"chainKey":{"counter":1},"chainType":2,"messageKeys":{}},"BUnurbQgFVLGChCt4Zgi7gibit4S4J2VyatLWWva9Jtj":{"chainKey":{"counter":0},"chainType":2,"messageKeys":{}},"BYyEZh2nMKOoTE20wu8hX71Au5PxCT9Ankb+bwe5s3s0":{"chainKey":{"counter":0},"chainType":2,"messageKeys":{}},"Bbei4OT04YdDhw6uRAjpgJk/j4mf6d3DHj45F/Fwgs9E":{"chainKey":{"counter":0},"chainType":2,"messageKeys":{}},"BWs3ENHgLrGKf8259jpE7sGIjAazHew1UpqcpFuI4BcP":{"chainKey":{"counter":0},"chainType":2,"messageKeys":{}},"BdmyKwoHkSg02d0nsTiio++R0TMschfZc24OpBnvi3gs":{"chainKey":{"counter":0},"chainType":2,"messageKeys":{}},"Bd2oMlPCbPr2/GCRhqVO5l6z/q6kUNK/6KdCBmahbAMR":{"chainKey":{"counter":0},"chainType":2,"messageKeys":{}},"BdZV297gL8mFHbng6/ZaqQjCwicLMLRIhrM4el7gVJhr":{"chainKey":{"counter":0},"chainType":2,"messageKeys":{}},"BVkS6SE8Eliv/A4aAZAb6VvaTB0iixz4njn/0Gep02lO":{"chainKey":{"counter":0},"chainType":2,"messageKeys":{}},"BY2LsHopYEcHO11PPFUEUUMcdLrwGNJxtuZYmC6LBtkL":{"chainKey":{"counter":0},"chainType":2,"messageKeys":{}},"BeHixvpd3fOWRraKGlnk8TMkIK04+/nPh+lxM8TkYWUG":{"chainKey":{"counter":0},"chainType":2,"messageKeys":{}},"BelqfTipJVUaWFP4Xrnrb765s2YbW3gcndzQHXi+43he":{"chainKey":{"counter":0,"key":"zESAlwyUZk+4WXTmQFnY3RPzNE5qjlCOXcL/1GDvjjs="},"chainType":2,"messageKeys":{}},"BfyrMP13V6vqgmw1QX/0ZcB3WGHRPCKWESD50rkXheI4":{"chainKey":{"counter":0,"key":"YnbrPDeif7NK+7mPsi+rgmBNZJZPZW16iWTHa+U7TaU="},"chainType":1,"messageKeys":{}}}}},"version":"v1"}