{"_sessions":{"Bd60x9m+yDdZizGOZCsuFtZNdtQ1ENNDWgxE5UBwd9ER":{"registrationId":113,"currentRatchet":{"ephemeralKeyPair":{"pubKey":"BffhV0CY1xHb87tD0dI97PP9I4OC9IJyJzTIyFreQfgj","privKey":"cHxpRAde1iS2KQjXbHL71IRpaX7uohUgj46WkLMV/ms="},"lastRemoteEphemeralKey":"BX/bUMW7D9WVXLlKMllGjkElhf6Xxzl4Jt/Jbk35PR0M","previousCounter":0,"rootKey":"sLrpjegtmdcNsZ9oII20dOMqOjnRMMbjCWoJe1p4cqM="},"indexInfo":{"baseKey":"Bd60x9m+yDdZizGOZCsuFtZNdtQ1ENNDWgxE5UBwd9ER","baseKeyType":1,"closed":-1,"used":1711442739522,"created":1711442739522,"remoteIdentityKey":"BWeGBIj7xzEMHkfSEZwWC45sJL0b+flEYMrZPzndN5wM"},"_chains":{"BffhV0CY1xHb87tD0dI97PP9I4OC9IJyJzTIyFreQfgj":{"chainKey":{"counter":0,"key":"Pq8q76TkpEoXACkoHlggcPvWzbW4bcQkzSE9b65m8lc="},"chainType":1,"messageKeys":{}}},"pendingPreKey":{"signedKeyId":1,"baseKey":"Bd60x9m+yDdZizGOZCsuFtZNdtQ1ENNDWgxE5UBwd9ER","preKeyId":28}}},"version":"v1"}