{"_sessions":{"BbyPYqgthTcfYsRJCkcVLkVTQiBjEC3HCrBpX0WYeTdC":{"registrationId":705809956,"currentRatchet":{"ephemeralKeyPair":{"pubKey":"BTThC/KyC5/bPtKyzOqQDS3sp8Diufn9oZW+QPyQPa9W","privKey":"eGluGNWuSZXcqyRzlxOJhG4kNHliycoEbiN/BOzHPHo="},"lastRemoteEphemeralKey":"BZ57wV1+xepmUcZmiwqeZCGOxdOpOAYGOWZoraECsyQo","previousCounter":1,"rootKey":"Ty93vZDG8Ady0ICyrC3qo4XviYu++eaW8GJLzV+cCY8="},"indexInfo":{"baseKey":"BbyPYqgthTcfYsRJCkcVLkVTQiBjEC3HCrBpX0WYeTdC","baseKeyType":1,"closed":-1,"used":1711612201432,"created":1710926072389,"remoteIdentityKey":"BXx9tTRMUReHmb1XwpydzZoJWXglYJh/QhMjfEaWc3g4"},"_chains":{"BZ57wV1+xepmUcZmiwqeZCGOxdOpOAYGOWZoraECsyQo":{"chainKey":{"counter":4,"key":"ERwRPVKj+z5P4mB253zpBM07xhH+ESpv8n6folzHVwQ="},"chainType":2,"messageKeys":{"0":"OKAJjn7DJraHHoEwrdhExHKNU8768h7tMWMzlJO/u/A=","1":"+LT+iz2G0R5NJ0A1fLlXkJmE4QLY0ackGu/40+Bs1UA=","2":"UuXj6GRtOMBbYKs8MP0MgXEsov5huIwNzlcEPzf5A9Y=","3":"QVIFyl5s/itT07rP2qiBTzlFtkE0ULoNtaMXMUzDp34="}},"BTThC/KyC5/bPtKyzOqQDS3sp8Diufn9oZW+QPyQPa9W":{"chainKey":{"counter":-1,"key":"ihkpbXnx3q/naEM8ozOQblSEvF+VYcuI42aZwdKyaFQ="},"chainType":1,"messageKeys":{}}}}},"version":"v1"}