{"_sessions":{"BWY0FyzVEv1w81G2K9qWoIoS9ilzXyUHHzsgeERpKkYV":{"registrationId":1669492287,"currentRatchet":{"ephemeralKeyPair":{"pubKey":"Bek7B5ULjhh+Of0f/bYYwhpZBDJLrsd3/RhUNt2ntDwg","privKey":"gAComSGRTIvk6ksvl8xJrWiRsKAhwXPjKw+M3pfef28="},"lastRemoteEphemeralKey":"BWaqwmJ5P7VNKgFWZ428DYLmMhg5ArdHhN4nTNuH4G10","previousCounter":0,"rootKey":"5q+lSrJgKsVpwOfX2ylUTAeAawx099hI9RbQptwPiRM="},"indexInfo":{"baseKey":"BWY0FyzVEv1w81G2K9qWoIoS9ilzXyUHHzsgeERpKkYV","baseKeyType":1,"closed":-1,"used":1710981418705,"created":1710981418705,"remoteIdentityKey":"BQyUKJGXJPeiLm7bK1jZzQLqTcLV2t3ESLrCrwtU1ol+"},"_chains":{"Bek7B5ULjhh+Of0f/bYYwhpZBDJLrsd3/RhUNt2ntDwg":{"chainKey":{"counter":35,"key":"6yYB5CJNyO6C72CCrKraAg93RjoSa8bg3Dci8gZeREc="},"chainType":1,"messageKeys":{}}},"pendingPreKey":{"signedKeyId":1,"baseKey":"BWY0FyzVEv1w81G2K9qWoIoS9ilzXyUHHzsgeERpKkYV","preKeyId":1489022}}},"version":"v1"}