{"_sessions":{"BWPYn/VLeVw+n3b7Xar6vh90ld/J30Yx95dN7KPKu/Jv":{"registrationId":1491680044,"currentRatchet":{"ephemeralKeyPair":{"pubKey":"Bd1ROHqmG79vGahvxTox0/hv3oB4BII17AYRPr60qTAx","privKey":"4Fq1ELwV0nSiXAApk/P6OG9cmVX7fmUK4aTIJln5v14="},"lastRemoteEphemeralKey":"BT7sjT5HMU8l2qP5rZjmoI3BtNFi55+YJdYQEhuUR1YE","previousCounter":0,"rootKey":"AQRINdNqGtTYfYkyTUuiGE8EIR5nqik/gvNEWMdahlA="},"indexInfo":{"baseKey":"BWPYn/VLeVw+n3b7Xar6vh90ld/J30Yx95dN7KPKu/Jv","baseKeyType":2,"closed":-1,"used":1711163263136,"created":1711159454657,"remoteIdentityKey":"Ba0oxY4FnPxQ0xFfmDu6LyqQplTriN7GM67Vt3kT0t9s"},"_chains":{"BYeo2jR+UVmnCIq8ZuQUH2UB3s36nGmjG4C1+B2pfBxJ":{"chainKey":{"counter":0},"chainType":2,"messageKeys":{}},"BT7sjT5HMU8l2qP5rZjmoI3BtNFi55+YJdYQEhuUR1YE":{"chainKey":{"counter":3,"key":"F7M9ppNcHOZdK7niUA3EIdxk2R25tRaNPq2ZHSF8DW8="},"chainType":2,"messageKeys":{}},"Bd1ROHqmG79vGahvxTox0/hv3oB4BII17AYRPr60qTAx":{"chainKey":{"counter":-1,"key":"tqiMz2Dw1xULOz8u5h4+DMsVfgpgg3CRZ+Z3AitnLXQ="},"chainType":1,"messageKeys":{}}}}},"version":"v1"}