{"_sessions":{"BRFXyqOJY3KCs882K61jzQMfh+RINKHtuj+o4ICGKjRP":{"registrationId":2128075986,"currentRatchet":{"ephemeralKeyPair":{"pubKey":"BdN9Xg6gMGinTZ19cG5tu97grYaM/H018srNlgXKDGM9","privKey":"YNZARDNgt9XD0g/xXuKbPsPR/kXmCkybjvDVLXJg0Gs="},"lastRemoteEphemeralKey":"BYaFpElpUDZLoKw7OucudvKgZLRubJe8LG3fbYkEX5cZ","previousCounter":0,"rootKey":"6IY4mqTHq79kpuE/L/Mpx0YKyvvOMrpQOTm6btdMHqQ="},"indexInfo":{"baseKey":"BRFXyqOJY3KCs882K61jzQMfh+RINKHtuj+o4ICGKjRP","baseKeyType":2,"closed":-1,"used":1712413344426,"created":1712413344426,"remoteIdentityKey":"BTw/DAmibBjuaGEUaQoTSu9lCNIjmPwsaNLrJCEl+WVn"},"_chains":{"BYaFpElpUDZLoKw7OucudvKgZLRubJe8LG3fbYkEX5cZ":{"chainKey":{"counter":0,"key":"Djrwij5fdDNqh9HKByeA9WR/KZqJLhr+AUDG30k4HJc="},"chainType":2,"messageKeys":{}},"BdN9Xg6gMGinTZ19cG5tu97grYaM/H018srNlgXKDGM9":{"chainKey":{"counter":0,"key":"TmB7A7y4UPmSy+ALwmpU2MReSKOIpediSeURdxPUcu0="},"chainType":1,"messageKeys":{}}}}},"version":"v1"}