{"_sessions":{"BTBE4QpoRxeWryZRFj5ITWmTnC4C2CCAEeaZX77Tj5EO":{"registrationId":193,"currentRatchet":{"ephemeralKeyPair":{"pubKey":"BcGR0KSO1TgpPYhJ1xxY0ECGJJDay94G2k8ZZT+EMk15","privKey":"OPkUMxsul37x6Nlr6dSMgiaLWoC7AXGMAtqcnFY5pmc="},"lastRemoteEphemeralKey":"Bbr1Y6VhWPH7Z1fwX300NHUSSklDc+Cb0JXSNgh8P/gp","previousCounter":0,"rootKey":"glwB81yg/5c9Z0QpSS4erAkg+zmzDoP8O7kLxFgyx/g="},"indexInfo":{"baseKey":"BTBE4QpoRxeWryZRFj5ITWmTnC4C2CCAEeaZX77Tj5EO","baseKeyType":1,"closed":-1,"used":1711164436714,"created":1711164436714,"remoteIdentityKey":"BV8lyP9VDZnGSGXkEKwKcj7lPURqkMdvuJ1+TW8H2WoV"},"_chains":{"BcGR0KSO1TgpPYhJ1xxY0ECGJJDay94G2k8ZZT+EMk15":{"chainKey":{"counter":2,"key":"A1k2CiJxVabtle5kr5D+iPt+h3egfPugt7kzShd9xUA="},"chainType":1,"messageKeys":{}}},"pendingPreKey":{"signedKeyId":1,"baseKey":"BTBE4QpoRxeWryZRFj5ITWmTnC4C2CCAEeaZX77Tj5EO","preKeyId":13}}},"version":"v1"}