{"_sessions":{"BUogkLmIwMuFKj0h6+ZnHsEBoyHfaclkgnU1BX4ZsDFg":{"registrationId":109,"currentRatchet":{"ephemeralKeyPair":{"pubKey":"BYX/ZltkAUatUPtQ1oqrAxTu9uUOLYNNPm8ed5ic5JdH","privKey":"qMnbjHZ9UonMLCdRnMH4i1Vkk7zoTw8jqB1Qy6p4Wmg="},"lastRemoteEphemeralKey":"BZQRMrn1kyivHoJLFWbo93EBmw7Mfa8V+s32G1CvKk8s","previousCounter":0,"rootKey":"Fs1MIKetrrB7Avr+zSnI9sgFbzMT3qae3oPutvP9Ol8="},"indexInfo":{"baseKey":"BUogkLmIwMuFKj0h6+ZnHsEBoyHfaclkgnU1BX4ZsDFg","baseKeyType":1,"closed":1711124771166,"used":1711124771060,"created":1711124771060,"remoteIdentityKey":"BUgUAH8gaTc4oksGEOjztU4QcsCDHt9/UBpjstJK0i91"},"_chains":{"BYX/ZltkAUatUPtQ1oqrAxTu9uUOLYNNPm8ed5ic5JdH":{"chainKey":{"counter":0,"key":"wPUcA91gcK3Ys3w9My7rZvGVlVXl9mWXKktwoXjPbVo="},"chainType":1,"messageKeys":{}}},"pendingPreKey":{"signedKeyId":1,"baseKey":"BUogkLmIwMuFKj0h6+ZnHsEBoyHfaclkgnU1BX4ZsDFg","preKeyId":10}},"BcUBBYUkTUqAntoE3+EsWwylPopX6Kyc99gzbmCzc8QF":{"registrationId":109,"currentRatchet":{"ephemeralKeyPair":{"pubKey":"BWBkydHhg09ja+bTzsB9cLTZl5b8O4AzOOMPW9wbmHtu","privKey":"6NkQiUen+gI/jL0AeZNl+bDXD7e0xlkqvfvxE7V9knM="},"lastRemoteEphemeralKey":"BZQRMrn1kyivHoJLFWbo93EBmw7Mfa8V+s32G1CvKk8s","previousCounter":0,"rootKey":"8iI4Q3yVN6fS7hytQ3YiWXT5vvOXWoyvAE6wzKWHMm0="},"indexInfo":{"baseKey":"BcUBBYUkTUqAntoE3+EsWwylPopX6Kyc99gzbmCzc8QF","baseKeyType":1,"closed":1711124771266,"used":1711124771153,"created":1711124771153,"remoteIdentityKey":"BUgUAH8gaTc4oksGEOjztU4QcsCDHt9/UBpjstJK0i91"},"_chains":{"BWBkydHhg09ja+bTzsB9cLTZl5b8O4AzOOMPW9wbmHtu":{"chainKey":{"counter":0,"key":"exkbuIMLDjaT63NU4+C5jz4hmXtj7m5r1pWT/bYa7bw="},"chainType":1,"messageKeys":{}}},"pendingPreKey":{"signedKeyId":1,"baseKey":"BcUBBYUkTUqAntoE3+EsWwylPopX6Kyc99gzbmCzc8QF","preKeyId":19}},"BV8wSfmr18FTdSyjzlMGsN5iHX3XzqOeFgmbjLzp/7Yp":{"registrationId":109,"currentRatchet":{"ephemeralKeyPair":{"pubKey":"BUK9o9ExczawY2g6gC3xq2nIUhZLT08I9DZH8rcfH9Qy","privKey":"4ExgKCVf306fzrhT5enhw76t3/p7PIW90NrsID9JHn0="},"lastRemoteEphemeralKey":"BZQRMrn1kyivHoJLFWbo93EBmw7Mfa8V+s32G1CvKk8s","previousCounter":0,"rootKey":"wFn/4BigxqiQoe1mDWy3wDUKek5nEtE+1JvLMxjdj9c="},"indexInfo":{"baseKey":"BV8wSfmr18FTdSyjzlMGsN5iHX3XzqOeFgmbjLzp/7Yp","baseKeyType":1,"closed":-1,"used":1711124771259,"created":1711124771259,"remoteIdentityKey":"BUgUAH8gaTc4oksGEOjztU4QcsCDHt9/UBpjstJK0i91"},"_chains":{"BUK9o9ExczawY2g6gC3xq2nIUhZLT08I9DZH8rcfH9Qy":{"chainKey":{"counter":4,"key":"s9MTbnHXf6B3BXC51E/7bbhD6yrrMwi6bqYLSLkebis="},"chainType":1,"messageKeys":{}}},"pendingPreKey":{"signedKeyId":1,"baseKey":"BV8wSfmr18FTdSyjzlMGsN5iHX3XzqOeFgmbjLzp/7Yp","preKeyId":29}}},"version":"v1"}