{"_sessions":{"BZ6TVd4nwVPjpK1y6jWd/qZaIKZPlpocMjwbBED1NhgC":{"registrationId":27,"currentRatchet":{"ephemeralKeyPair":{"pubKey":"BehZZvwxFggqebyM3H/2tAkjiXrV0tLzH5vSlTlNoP5C","privKey":"gDD92FjY+kFHb6I7MIohxH5dQ2emsSH0atj1Zzt+SGI="},"lastRemoteEphemeralKey":"BT3BUN5Xc0RElq2biQvdSpcN1ZD0jp4ND4bGOrKnb5pJ","previousCounter":0,"rootKey":"c1eN785tNiDI/wyyFm5U0EEZFGR9Q+hWZHaWOi2wFOQ="},"indexInfo":{"baseKey":"BZ6TVd4nwVPjpK1y6jWd/qZaIKZPlpocMjwbBED1NhgC","baseKeyType":1,"closed":-1,"used":1713243120290,"created":1713243120290,"remoteIdentityKey":"BfLvX/QcWrqgvj39TQxPOjEWvXsGsH9mUnvUTF3ZiJRB"},"_chains":{"BehZZvwxFggqebyM3H/2tAkjiXrV0tLzH5vSlTlNoP5C":{"chainKey":{"counter":2,"key":"fRTXeSwnu+4QpQM4/AnkGEcB/pFmUWBBj7BMQSSFDnY="},"chainType":1,"messageKeys":{}}},"pendingPreKey":{"signedKeyId":1,"baseKey":"BZ6TVd4nwVPjpK1y6jWd/qZaIKZPlpocMjwbBED1NhgC","preKeyId":9}}},"version":"v1"}