{"_sessions":{"BX7WBBcH2WlUDAlcP1gYbEY9MazYH+BT0lbtmyoDNiBY":{"registrationId":249020795,"currentRatchet":{"ephemeralKeyPair":{"pubKey":"BRhbOjmloBw/uogRMiYGbAn5VmU0jlA0Si2hbQFvCHIK","privKey":"uP86AfzUIc6Jr0iECuNRhYLc6lrlZxXcXmWAvXdkOXQ="},"lastRemoteEphemeralKey":"BSTebPiFpg/nfpkByvuu3au3kswDQ1/+i07DVjpDOSAh","previousCounter":0,"rootKey":"uGgcJ0DD23pRLvxFKbVFj5aQFZWgbkhk0tC5NBwUAc8="},"indexInfo":{"baseKey":"BX7WBBcH2WlUDAlcP1gYbEY9MazYH+BT0lbtmyoDNiBY","baseKeyType":2,"closed":-1,"used":1713934705164,"created":1713924279767,"remoteIdentityKey":"Bc2u8I7Gw7whe2OSP+YueiBz2eeUYI/5lYvJT/zSUecH"},"_chains":{"BWHtbAqjtfi6f9X5jX+7mzhHU9Lmjbb98hb3jb9qhgx9":{"chainKey":{"counter":0},"chainType":2,"messageKeys":{}},"BWiEc2jE0YiEIdT95IKkK+yjDLhIs9YXBfeYP9xhWwEu":{"chainKey":{"counter":0},"chainType":2,"messageKeys":{}},"BbytfjjwjaTDclRUZ8ccyb5voNHp6+sVhgGADDZh3Tg4":{"chainKey":{"counter":3},"chainType":2,"messageKeys":{}},"BeTlCaJEkDozuEOC26FxR5bt6Min9+oHAPAmoXCjvAIr":{"chainKey":{"counter":1},"chainType":2,"messageKeys":{}},"BYUDKmyX9+n27zn1ZqpqQxRFxmsNYQKOr/Z+x6fNsyoH":{"chainKey":{"counter":0},"chainType":2,"messageKeys":{}},"BUO/vVIP9L5brrUc76s4P8jK8TN9LKL8ggLF1UgB90Io":{"chainKey":{"counter":0},"chainType":2,"messageKeys":{}},"BXIxgWz4dTwU1YWFrZJc78HojuhPYd1/LAoZCe9OL3oy":{"chainKey":{"counter":0},"chainType":2,"messageKeys":{}},"Bbeckj5fOHCx7vbRyYmfOhu2Mcvh9wd5Ve7ZNDHAzHsL":{"chainKey":{"counter":0},"chainType":2,"messageKeys":{}},"BcBOdhrK8ds8nNtmbVCXUV1SBgOesX4qu05RCXgKdDhH":{"chainKey":{"counter":1},"chainType":2,"messageKeys":{}},"BXpekrvGt5Or26gjWIZvxZ1dLhs+zDNyR02sQS9CdIJP":{"chainKey":{"counter":1},"chainType":2,"messageKeys":{}},"BSTebPiFpg/nfpkByvuu3au3kswDQ1/+i07DVjpDOSAh":{"chainKey":{"counter":3,"key":"NwWZZ1w/0VOI09X2+mZLVzfa2aEOCDAsjv+9Mw/dzoo="},"chainType":2,"messageKeys":{"1":"voqoUSZTt9E9LyNwoCueQkE7TdeYEzzijV0XpnBNH2A=","2":"iJ9wuVd0PgzD83Ea6AqqFBCwlFhHUra6gbixUcRwGOQ="}},"BRhbOjmloBw/uogRMiYGbAn5VmU0jlA0Si2hbQFvCHIK":{"chainKey":{"counter":1,"key":"xZ4vIfxKe2IavN9zMZYGgD3t0jKhWHpWhLzstejLBrU="},"chainType":1,"messageKeys":{}}}}},"version":"v1"}