{"_sessions":{"BZ0UQykAKGdbLmnmF2H3H0gmRlDojTHXNDi2ggm6nbcf":{"registrationId":173237148,"currentRatchet":{"ephemeralKeyPair":{"pubKey":"BU0vvroHgKwVL+I/CozgXJ2pg3hBmi8vtohlXVKvGZRL","privKey":"yMg4Ho1tgrYJtttg5nKBO+BuWLWKW4tHVhkXsJ6CLlE="},"lastRemoteEphemeralKey":"BTKAYY6IWAHStiDn3TMnKMfhQURbRSeakJTCzv79iWY0","previousCounter":0,"rootKey":"r6LzdPqCZHK5Ui7Ehamb7VnTdCdI5XSz4fEHg7pAvwo="},"indexInfo":{"baseKey":"BZ0UQykAKGdbLmnmF2H3H0gmRlDojTHXNDi2ggm6nbcf","baseKeyType":2,"closed":1712893737269,"used":1712893727671,"created":1712893727671,"remoteIdentityKey":"BekGbkLgEX3WGT7P94jyPN7O5AvaP8QmeU/85lLBYdgK"},"_chains":{"BTKAYY6IWAHStiDn3TMnKMfhQURbRSeakJTCzv79iWY0":{"chainKey":{"counter":0,"key":"Kly+RkCM1Y7u/xE5XYEMVV7EkjI6bTY+PqNWsqbhGo0="},"chainType":2,"messageKeys":{}},"BU0vvroHgKwVL+I/CozgXJ2pg3hBmi8vtohlXVKvGZRL":{"chainKey":{"counter":0,"key":"7wtH2IqlkPpV6Cl0xmhr49hE7sKszjPch+X7nAlTcbg="},"chainType":1,"messageKeys":{}}}},"Bb79K1EcRZ0bHsGhmX66BexDDkADHKQJFTo2NBHSIq4d":{"registrationId":173237148,"currentRatchet":{"ephemeralKeyPair":{"pubKey":"BZn1DF/WsP08zXzAFmqO7XxuVUN9dd/uRF3z4h9HMplE","privKey":"+E9A4Gc2DAD1tGAoJy0IEQbc+jXHy909bGHVgwBUB24="},"lastRemoteEphemeralKey":"BaY9rUwn+f/ACuusmEW7vgCGvW3g+ujBBWqJ1+S3zgIw","previousCounter":11,"rootKey":"K8JpeOR0wgpkXGFGWg7bu31BUvrXJqn/Jd7K+xsbu3A="},"indexInfo":{"baseKey":"Bb79K1EcRZ0bHsGhmX66BexDDkADHKQJFTo2NBHSIq4d","baseKeyType":2,"closed":-1,"used":1712992689160,"created":1712893737274,"remoteIdentityKey":"BekGbkLgEX3WGT7P94jyPN7O5AvaP8QmeU/85lLBYdgK"},"_chains":{"Bb+t9UHr44kc3kV9CNIR5EJtSiuT0PMPs6ZmXJDVpQoD":{"chainKey":{"counter":0},"chainType":2,"messageKeys":{}},"BYGqtGMewugALj0WxVQhxQLHUiyUu6mlgWqkBeHwpNl3":{"chainKey":{"counter":0},"chainType":2,"messageKeys":{}},"BRIYYEaES9tfo3JJ/6eNh7ubgExfJUYJG8zMRwy/tO95":{"chainKey":{"counter":0},"chainType":2,"messageKeys":{}},"BVSu2KCmmlyLMX1i8UXjHW+gl+ttoay0cvXhPZW1U9p/":{"chainKey":{"counter":1},"chainType":2,"messageKeys":{}},"BWQKSzXlm+xGQQZq39jjFtfk4mC7jri1YjZRDY96or5J":{"chainKey":{"counter":2},"chainType":2,"messageKeys":{}},"Bfle8qrPCA36luSvafji6toYAcFXqk7yjzO1OI4T8Gx/":{"chainKey":{"counter":0},"chainType":2,"messageKeys":{}},"Bcog9T7n0zv5PwB3ioTmJmFPiUIsqDNAj0aXgIM+NIk0":{"chainKey":{"counter":0},"chainType":2,"messageKeys":{}},"BdxbGoMlePZbQ9oBydbxJnEogHsGooH2uCESZv3+XJd5":{"chainKey":{"counter":0},"chainType":2,"messageKeys":{}},"BXOm5ojT5R+L/TQksbZATlPmTmifOmA/v6E5ag/0e5FI":{"chainKey":{"counter":0},"chainType":2,"messageKeys":{}},"BYR0ibdnAuepjgS9P6fuW0dM9a5bYwIlIdFa1kf3ww5B":{"chainKey":{"counter":0},"chainType":2,"messageKeys":{}},"BQGDGFLuBZuO+eqzSUf/8eyh+g+wxgAro5Y9XhTPnvhj":{"chainKey":{"counter":0},"chainType":2,"messageKeys":{}},"BX5Wi6wGoHa1QfNivnsw8rNIedRCzwgnn0QhrocEm+14":{"chainKey":{"counter":0},"chainType":2,"messageKeys":{}},"BX8aO8AoLqz5AwtmxAmUPlc/kZ+DAco6iRXXdxy5tyVs":{"chainKey":{"counter":0},"chainType":2,"messageKeys":{}},"BfwYXuYkDpDRypiz7jd593COabTqOUnOHuOO8jtR26UF":{"chainKey":{"counter":0},"chainType":2,"messageKeys":{}},"Bd4TJFrb6U7VMhQ029EgYqT4zQn7w7QMLp2e4K/tItps":{"chainKey":{"counter":0},"chainType":2,"messageKeys":{}},"BbG2zvVoKhQkkCOJpgK3sF5ZHHbzNX1KTfOyLTNZxWgw":{"chainKey":{"counter":0},"chainType":2,"messageKeys":{}},"BT3/k+IZ85BnfKYC+wYzDvb4wYUlflJXwqVx+H6kJQk0":{"chainKey":{"counter":0},"chainType":2,"messageKeys":{}},"BbrMeRSPQ1UW6uUQs+sqm/a2JSldCqu6P51vvxN7IwRv":{"chainKey":{"counter":3},"chainType":2,"messageKeys":{}},"BcWvcCUkgj1ntOIQ76l9SdSKP4DC/esVF2QcfF3cRwlZ":{"chainKey":{"counter":0},"chainType":2,"messageKeys":{}},"BZZ0dUpVpkDa1tA57QK8RZV/hbTyOHk1zMgLCIEKqe4D":{"chainKey":{"counter":0},"chainType":2,"messageKeys":{}},"BczAKhKDSxXKEdvEFvS84kwEVudfrHZJ5HPCAoxzdrgK":{"chainKey":{"counter":0},"chainType":2,"messageKeys":{}},"BaY9rUwn+f/ACuusmEW7vgCGvW3g+ujBBWqJ1+S3zgIw":{"chainKey":{"counter":1,"key":"0/5ISePy1DVQwqE5Fprb2ma/YSvmEZvGZ7TYH5nfgPk="},"chainType":2,"messageKeys":{}},"BZn1DF/WsP08zXzAFmqO7XxuVUN9dd/uRF3z4h9HMplE":{"chainKey":{"counter":-1,"key":"oVG61mtJSsVKX0oArqOBMlmWc0u8EFwpO9wYJZAiGhs="},"chainType":1,"messageKeys":{}}}}},"version":"v1"}