{"_sessions":{"BS/NzXGWOhCEcs9hbHghbCDaioO/GtWpisGX8xY12SQP":{"registrationId":232004435,"currentRatchet":{"ephemeralKeyPair":{"pubKey":"BZTQ20KhhysPJmyZbyBGuxYS4zhJIpR+sgK/S1HbS8UF","privKey":"0Mao0fgLhIUjWYIhYz5LdtTISVnNCONqUDcKKLsldE4="},"lastRemoteEphemeralKey":"BciqZavnNT8uGD7Q/0pWhC9vAA0wfxpVDg/z+dRiP1Fs","previousCounter":1,"rootKey":"/vttNxM0o7qSbeyl+1T0cplP5h3FoWh4dEkbBUCHdXs="},"indexInfo":{"baseKey":"BS/NzXGWOhCEcs9hbHghbCDaioO/GtWpisGX8xY12SQP","baseKeyType":2,"closed":-1,"used":1713546205820,"created":1713485567287,"remoteIdentityKey":"Bew1YGduHY5xqLkDyopDzgaGXxY+o6a7l+H3XnL/cUoA"},"_chains":{"BYfD8X3T8SM9vkaVJgy3GgEJe0mCL9RGc4oAZvJQCQl2":{"chainKey":{"counter":0},"chainType":2,"messageKeys":{}},"BaLlxJ53QIpQmGoiRpcXiKVjRxRIvTkWAAEguBSXpUgA":{"chainKey":{"counter":0},"chainType":2,"messageKeys":{}},"BVkNPGCmk2BVUh4R2jymybQTXkwqfwRBGmDsaunZ/Z1c":{"chainKey":{"counter":0},"chainType":2,"messageKeys":{}},"BcQlQmm6hLud7g1wLtKWpETePOOxtGeUBPl3VudGvAER":{"chainKey":{"counter":0},"chainType":2,"messageKeys":{}},"BTlCOa6TDjt9n+HAHSfGw0z2Mn097XAlbg+fgUvnEFEL":{"chainKey":{"counter":0},"chainType":2,"messageKeys":{}},"BVF3fTpWkuBoBZAAbZ1vSfdTKd6KGexofuYOe+FhW7A7":{"chainKey":{"counter":1},"chainType":2,"messageKeys":{}},"BTD9Lrn1XQoNXq2huEL0vspJuj7oy19NC2e5Xe56j50N":{"chainKey":{"counter":0},"chainType":2,"messageKeys":{}},"Bef362Kam7Pz4d3NCJDAydKq7Dh0bnqhSMRKQgNY5394":{"chainKey":{"counter":0},"chainType":2,"messageKeys":{}},"BdnKqEabQJOcbG+9tIHaOUEol9p+Tz2p2RCzQvDt1z89":{"chainKey":{"counter":0},"chainType":2,"messageKeys":{}},"BQASl49vYEyhuISeSpZUT6SmOWLzo8L8KitbTsh6tEB1":{"chainKey":{"counter":0},"chainType":2,"messageKeys":{}},"BVAJWr+cTSybR1bq/0Iqc7hMhkRQ2La4bO1+FJwwfnoe":{"chainKey":{"counter":0},"chainType":2,"messageKeys":{}},"BS20Yyzu7DZ2CNix3luD76XpnhHkRsIcgJlSqU8zqtIY":{"chainKey":{"counter":0},"chainType":2,"messageKeys":{}},"BceDikzJPadUuZRa8X6QN4YQ9T2FX4EukyW+Yy6R3usq":{"chainKey":{"counter":0},"chainType":2,"messageKeys":{}},"BU0d8P8Q+lkRCcdKGkLPEAceNhW8xVAHEUbvTfURiSo9":{"chainKey":{"counter":0},"chainType":2,"messageKeys":{}},"Bflx1ia52pJObTEB2D7rthpAAL5DF4wjlczKv4GpF7sN":{"chainKey":{"counter":0},"chainType":2,"messageKeys":{}},"BRPPC+R2WJPSWscjovWeO+aOs5Z5rl3hcFVJfsoau+lh":{"chainKey":{"counter":0},"chainType":2,"messageKeys":{}},"BU/vy6uwh/t00fHuU0BkV/0zRRuxydzYI9nqzfcst/dH":{"chainKey":{"counter":0},"chainType":2,"messageKeys":{}},"BZuPewvsrF0V/Ca06hMKBUJfnCGP5VSIpGvvwojKiBMj":{"chainKey":{"counter":0},"chainType":2,"messageKeys":{}},"BfijsGRN33RmbdDDEuLlZY5iKqCmC584X3nT5f+j/2t7":{"chainKey":{"counter":0},"chainType":2,"messageKeys":{}},"BcKzMsXDMAsU1BmPpieJtnm1jpZw0OuC9YHh/ESUN/A6":{"chainKey":{"counter":0},"chainType":2,"messageKeys":{}},"Bag4HKRIwPAJ30XH6Sl0XUW/FYwR5Mt583kLpByDS7UI":{"chainKey":{"counter":0},"chainType":2,"messageKeys":{}},"BbnDptpypJrpw0k5pLn9aQZF8GL+2ZqXNcQLHyS2Ry5K":{"chainKey":{"counter":0},"chainType":2,"messageKeys":{}},"BRVrHg/eSVBsmaeNLjgaRUE5LXwXEzb2yk/ng/pUK3FQ":{"chainKey":{"counter":0},"chainType":2,"messageKeys":{}},"BYWL/I3Z5irHHX7A8JrMv81UWaifvlZ2sJeax53Xuo93":{"chainKey":{"counter":0},"chainType":2,"messageKeys":{}},"BcyF9WdZku9YGegG8OlnA5a7FDxwMPrkXIDeqikHYHl+":{"chainKey":{"counter":0},"chainType":2,"messageKeys":{}},"BbfhAo038dn67X+u/UBnjD/2qxjDHb/R08IW78va+6sg":{"chainKey":{"counter":3},"chainType":2,"messageKeys":{"0":"e2htS2rJLGTr3X4xdSTAvrylZlAL5rDJH3OBpUmTU0I=","2":"bSRJX52aMXnTs1s/BJlVPvaPzE4lIbymBv5wA8iZj3M="}},"BUw76pQelX4zt3A5DK71vkYY3iAOhpvleP4Bf/8AVHcD":{"chainKey":{"counter":1},"chainType":2,"messageKeys":{}},"BQopEff54PcJhNc7xfNIken8Crs0yKkTSM8FH/1Drh4n":{"chainKey":{"counter":0},"chainType":2,"messageKeys":{}},"BTfAjmFVHxeM0FkY00IIqUfiSKOsELO8eF1k1UaPmNMi":{"chainKey":{"counter":0},"chainType":2,"messageKeys":{}},"Bb9o57J1aNSsVXcJlpK3ZObafQroMt4NQ907t1DUaZo8":{"chainKey":{"counter":0},"chainType":2,"messageKeys":{}},"BcSxSZ844IFJM2q86KyotsPYuJARHZnJOCdBfSGAkxJV":{"chainKey":{"counter":0},"chainType":2,"messageKeys":{}},"BaLM8DMEV81Lv7c4hE+DD2VOwgwfgnPK3MKGfiDdwLJf":{"chainKey":{"counter":0},"chainType":2,"messageKeys":{}},"BSDERAavhFc7vqtrVbVBE0nfhWw6RRXZpA/6UBEuarsf":{"chainKey":{"counter":0},"chainType":2,"messageKeys":{}},"BZt0lIGNkDJbLEZsJSIUlk9P4SAHR5c1w0WemxGQmEBJ":{"chainKey":{"counter":0},"chainType":2,"messageKeys":{}},"Bc3oiB4DPDucgAmLF5qosMKrRyOfnbe7k4kAfei2Oe5c":{"chainKey":{"counter":0},"chainType":2,"messageKeys":{}},"BWe1RkHBPt+pB7Zftvl5dVX2oETdqxLEoluYDvKlyzV8":{"chainKey":{"counter":0},"chainType":2,"messageKeys":{}},"BSXSLmNjptj1SyX04cEsycVwJcp7A4yzuz6ep0Fu7hRd":{"chainKey":{"counter":0},"chainType":2,"messageKeys":{}},"BbIJbipcnR2O40CnipqYRNjcafr+SlUZdrqSOD5JPJZx":{"chainKey":{"counter":0},"chainType":2,"messageKeys":{}},"BdH4HusvsD5QM5wzMY20RMc13e6uipshZGfZ4D2bk/NQ":{"chainKey":{"counter":0},"chainType":2,"messageKeys":{}},"BciqZavnNT8uGD7Q/0pWhC9vAA0wfxpVDg/z+dRiP1Fs":{"chainKey":{"counter":8,"key":"lj8cFKNiu06/qc9amjXVu5967rzGwM6P8ia1Hw+4zcM="},"chainType":2,"messageKeys":{}},"BZTQ20KhhysPJmyZbyBGuxYS4zhJIpR+sgK/S1HbS8UF":{"chainKey":{"counter":-1,"key":"ASv7AK2UpvtshKzIrEEGk89XzsOFqEyiQSd2J0zdyU4="},"chainType":1,"messageKeys":{}}}}},"version":"v1"}