{"_sessions":{"BQSiAuyWI2CJ8TZwZ86mmMXKYSpm+j38g+klbL1KQOs7":{"registrationId":65873834,"currentRatchet":{"ephemeralKeyPair":{"pubKey":"Bf6YEBThpCJD2jbWPg86M54L4Sbq6mn8GYET9N9+G0kQ","privKey":"8J6sLagZzhGSmQlESMHrMN4bE+Qs8TaCukDHLRgq52A="},"lastRemoteEphemeralKey":"BfgTySWeBhHMKN3Vztwi3Uj66TVqXdKNXX/CglXVkfN+","previousCounter":0,"rootKey":"x+pUq1DYLOTIzv88VGu+ZNxRZ7limAAUsC5njBlYczY="},"indexInfo":{"baseKey":"BQSiAuyWI2CJ8TZwZ86mmMXKYSpm+j38g+klbL1KQOs7","baseKeyType":1,"closed":1712642172451,"used":1710981651357,"created":1710981418719,"remoteIdentityKey":"BZTM8Apv7Mc4PwCc0piQUAd860n3+r4WMOCobta7SJIJ"},"_chains":{"BX90+CAoUq4VY3YbY21B753MISWkibWOLbH3NzkoLFxc":{"chainKey":{"counter":0},"chainType":2,"messageKeys":{}},"BUVftZ//rcHA5zpmBkWDwN45YIDVFp4hdJ262dSqA99R":{"chainKey":{"counter":1},"chainType":2,"messageKeys":{}},"BVEDx5SpyUr9zwMM7Oh/lpD5Ec0tMD6Ykq7fu2Lqa1tu":{"chainKey":{"counter":0},"chainType":2,"messageKeys":{}},"BX05XsFNW66KtcTMMNqyHC4M+rw7d6/8R4CHrEij+kRy":{"chainKey":{"counter":0},"chainType":2,"messageKeys":{}},"BU/+jl+WjyoNTL46ryhJf6JSlc9bgI4dSqZB4fuPQSYE":{"chainKey":{"counter":0},"chainType":2,"messageKeys":{}},"BSrCAPg4Qi9187Yo6jQX2pC7UzIDmhhL3gy9vpSPWMcT":{"chainKey":{"counter":0},"chainType":2,"messageKeys":{}},"BYxeEzT73TWSBLQJMPJf7dLI/3V19oHGUDEa2FUitN53":{"chainKey":{"counter":1},"chainType":2,"messageKeys":{}},"BSEIPy/X5rJVfwVfArZQxxYFR0IavdZIkdQ5k/d5Fi5H":{"chainKey":{"counter":0},"chainType":2,"messageKeys":{}},"BbSOXAV6iQQC9ms4QTGdEI7uA7LWhO7PY0JtydnNz65C":{"chainKey":{"counter":0},"chainType":2,"messageKeys":{}},"BdkzS/3X4iSaiShgIgq7PSBA6okcNZdC5fKdBYwcWrch":{"chainKey":{"counter":0},"chainType":2,"messageKeys":{}},"BZktrLBwKA0HC+yM7MQ+oPDt2SIrbFAGJYnPafPk8d8s":{"chainKey":{"counter":0},"chainType":2,"messageKeys":{}},"BdQHLepTEH6rrdnu1BGVjE7orLGyU3vjSbOZI05FuAdw":{"chainKey":{"counter":0},"chainType":2,"messageKeys":{}},"BYmhhqLe69w7K44vTNeCcONL5oZdSMjSngRYOQdD3isH":{"chainKey":{"counter":0},"chainType":2,"messageKeys":{}},"Bcgbc43uDtEdt3QELIpttH+9wo93WL2/yZApPcvCopIl":{"chainKey":{"counter":0},"chainType":2,"messageKeys":{}},"BWVfZFeeKFg5nvSrF2j1JifZx+In5QpRsGVCZO73ymUi":{"chainKey":{"counter":0},"chainType":2,"messageKeys":{}},"BQE6q1ozVEKFIM8xlWJ8PNQ8rX4qbc/IrSSdA+lkHIMm":{"chainKey":{"counter":0},"chainType":2,"messageKeys":{}},"BWayYdO/30Wav22GIQJUav7m9bqeLJnAJoTKNGkYuMd7":{"chainKey":{"counter":0},"chainType":2,"messageKeys":{}},"BRSxAgwJEayrLgqtIPgD9BS0sUJJXwjW5iU1f4i2HgUW":{"chainKey":{"counter":0},"chainType":2,"messageKeys":{}},"BR682tK1Sd83UeTzRt7+A6Iy7d+3yPcpbxmwHR82UsJ2":{"chainKey":{"counter":0},"chainType":2,"messageKeys":{}},"BSpDzUOQgbNBIriteMDGvDy33UB/1tjmIK5dfJlkgLc9":{"chainKey":{"counter":0},"chainType":2,"messageKeys":{}},"BatWHRGMCPmTYJGfU085KQVxj+9seRzuh/HpoGGemJM8":{"chainKey":{"counter":0},"chainType":2,"messageKeys":{}},"BSvzhTQxJyepIYD4JfB5nbu+8fs6GekWLNX6FiREUW8+":{"chainKey":{"counter":0},"chainType":2,"messageKeys":{}},"BTtAFvQ5Dv2r9E2a8f27rIw+IYU+tQQalkMi+0X9GPEb":{"chainKey":{"counter":0},"chainType":2,"messageKeys":{}},"BfgTySWeBhHMKN3Vztwi3Uj66TVqXdKNXX/CglXVkfN+":{"chainKey":{"counter":0,"key":"8C/5zDLnU8XDyIF+kqfLZ8pUndT9SIObUF2t2luhA+8="},"chainType":2,"messageKeys":{}},"Bf6YEBThpCJD2jbWPg86M54L4Sbq6mn8GYET9N9+G0kQ":{"chainKey":{"counter":1,"key":"T8Dp3Gbc632prel68Wxh0sto/yhApov1xGP4elsgUIE="},"chainType":1,"messageKeys":{}}}},"BZgLNAqOj2StKqm5+uSpJ0cr8UmT9m/YhBXD0okF5WcF":{"registrationId":65873834,"currentRatchet":{"ephemeralKeyPair":{"pubKey":"BecmFMtyyhmnYkB9grXXg7iBxTEPonQ+Rm1DUXO1w30i","privKey":"QFFn0wA/wHkgL6fDKlwSq8HMHX+UCtyXM22ZWjmX5Uk="},"lastRemoteEphemeralKey":"BerJCkQ/LzzSmPqeP+3thCCE2Qt2MohyCsUNJeBzvbVs","previousCounter":10,"rootKey":"FEoygXWQhIllFw/rT/GPvWAf1vMJkHhoIP4SiX7CFqI="},"indexInfo":{"baseKey":"BZgLNAqOj2StKqm5+uSpJ0cr8UmT9m/YhBXD0okF5WcF","baseKeyType":2,"closed":-1,"used":1712753029907,"created":1712642172455,"remoteIdentityKey":"BZTM8Apv7Mc4PwCc0piQUAd860n3+r4WMOCobta7SJIJ"},"_chains":{"Bc3NBZdpaq94AUrmJRSgCVOcwnwzPathxdu4AorC08YO":{"chainKey":{"counter":0},"chainType":2,"messageKeys":{}},"BTfWjJiQmKEms64+WfkqsYMd+/6W+59oBaBJ58T/xw9w":{"chainKey":{"counter":0},"chainType":2,"messageKeys":{}},"BW0Q9nRw1SVDQZggOg2sS9sq2XA2BVYB+IxaRNhVfK1p":{"chainKey":{"counter":0},"chainType":2,"messageKeys":{}},"BU588byzzNLV8GBs4QjPHuETAyRR/+pQOpZ6zKYlApp+":{"chainKey":{"counter":0},"chainType":2,"messageKeys":{}},"Bfeof8t/PrxAXte5YT6+5mXhkDyS3CFe7WwOT4nElbxM":{"chainKey":{"counter":0},"chainType":2,"messageKeys":{}},"BbNBj2913GKsqZIyS/flrNTGoSS8n1OyABg2vxrm2zUg":{"chainKey":{"counter":0},"chainType":2,"messageKeys":{}},"BYmTM2tbGqi8omqbujsGcx3u6sCakL3nsaDO2A3m7NsA":{"chainKey":{"counter":0},"chainType":2,"messageKeys":{}},"BYIve0OM6OKLm0q4gR6ghaWA8xSpz7nAmB25P0Ev38tF":{"chainKey":{"counter":0},"chainType":2,"messageKeys":{}},"BZ7rz26D+Vu/xUGzMvNIAghzQE4JpDRjHTXTC9Nixq4v":{"chainKey":{"counter":0},"chainType":2,"messageKeys":{}},"BY1v78ykh0Wo9z28Dpk96ewXyUCtUdpSc15wvpfepb87":{"chainKey":{"counter":0},"chainType":2,"messageKeys":{}},"BafDPd0nlVq1mCJUKXuaBttmvOtIieTiGaX6b6NUB/Q8":{"chainKey":{"counter":0},"chainType":2,"messageKeys":{}},"BXIHfEBfDS+vd7U2zFkMFCo12CuboloTOw6Gt3M8nqkb":{"chainKey":{"counter":0},"chainType":2,"messageKeys":{}},"BehLsRqI/zAQlcupd5MvrfA6GEGpSjXWI2qw1oSvq1Jg":{"chainKey":{"counter":0},"chainType":2,"messageKeys":{}},"BYA1QK9HYxro8fbofbcpdnZOGSs/eh3RTGDMOuRoCvpz":{"chainKey":{"counter":0},"chainType":2,"messageKeys":{}},"BTkZCwdlGXUt3QG77g7Ic8LFOb8FF3IDp340Q1Z3SpoN":{"chainKey":{"counter":0},"chainType":2,"messageKeys":{}},"BTgbgYrAtu2fyOLPfOVr9btlGoSqk+mk+3UAgHA0sq0r":{"chainKey":{"counter":2},"chainType":2,"messageKeys":{}},"BQMG+j/d0bLf5nE5UJHHi3tt4VnTYNYJ112s+gV5EPhq":{"chainKey":{"counter":0},"chainType":2,"messageKeys":{}},"BQlef+r61wQb1OmmWrvTjqIwnpxGd76X0Xamy85ZpRIH":{"chainKey":{"counter":0},"chainType":2,"messageKeys":{}},"BYfB9gJqJk+4J+bbSq45+mNglxh4J6Cd9nqj2Gfe7QRn":{"chainKey":{"counter":0},"chainType":2,"messageKeys":{}},"BRZvo9VNiTvwsaj2rmsI015XBcOQZS83SIiggQPAZGVy":{"chainKey":{"counter":0},"chainType":2,"messageKeys":{}},"BZuu5n0GEviMCaxg+KmH+BaGT8dEZLTH/rL2u0mWhbx+":{"chainKey":{"counter":0},"chainType":2,"messageKeys":{}},"BcV0tk/hZImHEN1jtc5lheqt/yeOJoztgF7nXQhf+Jt1":{"chainKey":{"counter":0},"chainType":2,"messageKeys":{}},"BedXRPBkmGL7KYnczdYIeA9lZaKIFP6hX5RTZDH5Y0V+":{"chainKey":{"counter":0},"chainType":2,"messageKeys":{}},"BaOnDuMbY+hG+pjz754r04luO+MiC1Wol46XBnYVM3ku":{"chainKey":{"counter":0},"chainType":2,"messageKeys":{}},"BerJCkQ/LzzSmPqeP+3thCCE2Qt2MohyCsUNJeBzvbVs":{"chainKey":{"counter":2,"key":"j+U2r40AmMNw8bBEDAI+Wmp4ma+Wotp8OskPZVkyDYY="},"chainType":2,"messageKeys":{}},"BecmFMtyyhmnYkB9grXXg7iBxTEPonQ+Rm1DUXO1w30i":{"chainKey":{"counter":-1,"key":"3G89IKqjmY3Y+IKRKaAfY95gw57HQCdb+ZLwzLIjsXY="},"chainType":1,"messageKeys":{}}}}},"version":"v1"}