{"_sessions":{"BUcF9iy9o7F1rG9p2uqpK4Rfbym7h7ndKUX6qTn8OJBn":{"registrationId":15861,"currentRatchet":{"ephemeralKeyPair":{"pubKey":"Bb1k05Ka93awLrLsieJXKhmKd6lVc4rUVavYw0ONYJge","privKey":"uFFQ2Jj6/xRmV1Ga0HAUIUuO26Y7LtsArbjlJ/Qf9U0="},"lastRemoteEphemeralKey":"BRN44scHILunAfWJ27ZfrpwSmpKSUFf+LILauh66WpcA","previousCounter":0,"rootKey":"W8r14hzGcjXgCmt2t7pEFiAz+KHvKQ7fzAubOQ+EAfU="},"indexInfo":{"baseKey":"BUcF9iy9o7F1rG9p2uqpK4Rfbym7h7ndKUX6qTn8OJBn","baseKeyType":1,"closed":-1,"used":1711159455719,"created":1711159455719,"remoteIdentityKey":"Bcuy1yTJRQlcBDnncI0kPdm1TR2TgUYBy3Gwr1fXD9My"},"_chains":{"Bb1k05Ka93awLrLsieJXKhmKd6lVc4rUVavYw0ONYJge":{"chainKey":{"counter":0,"key":"Afpd6jfUzgG+gjJWIIKoBiWuFqU3/kSjlCjNjRDzC1U="},"chainType":1,"messageKeys":{}}},"pendingPreKey":{"signedKeyId":1,"baseKey":"BUcF9iy9o7F1rG9p2uqpK4Rfbym7h7ndKUX6qTn8OJBn"}}},"version":"v1"}