{"_sessions":{"BXrPuFAoafw36BXalbY5rn6CDiSjFakwDFYg4OCVE9d4":{"registrationId":39,"currentRatchet":{"ephemeralKeyPair":{"pubKey":"BeEecEO4D7TzVNT+cuscWaWvNrskuCnvNQjJmdffuQF4","privKey":"MMgfH+iYAvTi49P+AlofxaaFMhhtxQ/cMx7gjH/kEX4="},"lastRemoteEphemeralKey":"BXfu2uZRDEpDfVd4pdaQlf7j4uRrwULBQ5iyp68DeCIF","previousCounter":0,"rootKey":"87HIu3XCKrsS6V22YCA7XrGoIMwmvU/1JPeGMUDJhAw="},"indexInfo":{"baseKey":"BXrPuFAoafw36BXalbY5rn6CDiSjFakwDFYg4OCVE9d4","baseKeyType":2,"closed":1711164436725,"used":1711164435822,"created":1711164435822,"remoteIdentityKey":"BW115h5aTm9Ks1AakoOWHSmg+i0mBentKhtS83aA2Hlq"},"_chains":{"BXfu2uZRDEpDfVd4pdaQlf7j4uRrwULBQ5iyp68DeCIF":{"chainKey":{"counter":0,"key":"2fVRKlqsKTL1pJvPxd/VG+mL98DrOiqzuH8COEsa8ko="},"chainType":2,"messageKeys":{}},"BeEecEO4D7TzVNT+cuscWaWvNrskuCnvNQjJmdffuQF4":{"chainKey":{"counter":-1,"key":"NDQ4l1fkyuJyEZCxswpjU/E9+z+FAPK225eeddrHP5M="},"chainType":1,"messageKeys":{}}}},"BbDwUtHrgFXNGTHsv8J5b+WVqdi6RvJExt9h5Q3WaZw2":{"registrationId":39,"currentRatchet":{"ephemeralKeyPair":{"pubKey":"BfDChdwlYF85RFzhUE8mTaGSRlPfxLFJuoEJuNEIoe0V","privKey":"4O0Gze12YdF8PYZZiKtOzLCsESRkIeLIxBxLMJND1Eo="},"lastRemoteEphemeralKey":"BVTtEMZXuuu9FCBXy1NvHQjJJ1Ot4m51yy3m9Aa4c5Jz","previousCounter":0,"rootKey":"71wLA/IkzyNknzIqaDjvdC66+OHTkyWNiAprXwPn8RU="},"indexInfo":{"baseKey":"BbDwUtHrgFXNGTHsv8J5b+WVqdi6RvJExt9h5Q3WaZw2","baseKeyType":1,"closed":-1,"used":1711164535333,"created":1711164436719,"remoteIdentityKey":"BW115h5aTm9Ks1AakoOWHSmg+i0mBentKhtS83aA2Hlq"},"_chains":{"BXH0YyalX/+QQl5J6aghlyOF1Zy5wTk4CCb8QLtPqeFV":{"chainKey":{"counter":1},"chainType":2,"messageKeys":{}},"BVTtEMZXuuu9FCBXy1NvHQjJJ1Ot4m51yy3m9Aa4c5Jz":{"chainKey":{"counter":0,"key":"orLC1zar4R24fr9HLcJNOpZiZ+PThxAtAVdvmbcTwdY="},"chainType":2,"messageKeys":{}},"BfDChdwlYF85RFzhUE8mTaGSRlPfxLFJuoEJuNEIoe0V":{"chainKey":{"counter":-1,"key":"hig1KQ8ZWOnkNPG2ckfpzVN6prKlfxk4iVhOhfZTdoM="},"chainType":1,"messageKeys":{}}}}},"version":"v1"}