{"_sessions":{"BXRFbc44Y78iQtSuqy5VPd5souG09mQKtk52vK93dkh9":{"registrationId":124,"currentRatchet":{"ephemeralKeyPair":{"pubKey":"BeuqOEtuHtsJzd5g9k1gHQJQ+YuELlZ9Ul8eneyTjUUi","privKey":"YBdzykMwuPkC2H0C9LcqFavCI8XLH6vINi3XwHgbbmg="},"lastRemoteEphemeralKey":"BZrP+QZPDxCc9VDlyK0o+wCRWiZk1By7TUGr1QYhPHJe","previousCounter":0,"rootKey":"lq0EU+67znoHIvHtJ4Fuso7uCRYz3li7lyzM7T/0laI="},"indexInfo":{"baseKey":"BXRFbc44Y78iQtSuqy5VPd5souG09mQKtk52vK93dkh9","baseKeyType":2,"closed":-1,"used":1713243119397,"created":1713243119397,"remoteIdentityKey":"BRFAKatg7XGpIDG3jm7wfsVT9CacDy3D7N4CEKh3pLtA"},"_chains":{"BZrP+QZPDxCc9VDlyK0o+wCRWiZk1By7TUGr1QYhPHJe":{"chainKey":{"counter":0,"key":"6+xDXKtfiXnVNze9g3mKfihuWi3QqRkZlq/se5p2al4="},"chainType":2,"messageKeys":{}},"BeuqOEtuHtsJzd5g9k1gHQJQ+YuELlZ9Ul8eneyTjUUi":{"chainKey":{"counter":2,"key":"mKCt85yLvqbEVZDo7bfi/RyeqVs8eIqmoslEtcgXAJA="},"chainType":1,"messageKeys":{}}}}},"version":"v1"}