{"_sessions":{"Bd45v0UJVC46U8oEI2zXJ9m5algPTLaEySXYzqk/mwdQ":{"registrationId":4481,"currentRatchet":{"ephemeralKeyPair":{"pubKey":"BeUaAB8u6zN/OQPAaAH+EJTRLnCvMLYLIVcaNYLQijsw","privKey":"+Ifd2xCY/N22uphKw3PpYlwrnuP7rCaz27FqaWlbh2Y="},"lastRemoteEphemeralKey":"BY0iWymzWEMYxpx7jaPOc8uPHWVEwqRjO9atsstTeHRY","previousCounter":0,"rootKey":"2rHU/rCyQK43Rc9kQv599vvQKi29LlYRPknHlk6JAO0="},"indexInfo":{"baseKey":"Bd45v0UJVC46U8oEI2zXJ9m5algPTLaEySXYzqk/mwdQ","baseKeyType":2,"closed":-1,"used":1711166328239,"created":1711166328239,"remoteIdentityKey":"BTodbtZRHPIBGc3Qf+jnIJF981KsWVUbRX0W8JzgdzZG"},"_chains":{"BY0iWymzWEMYxpx7jaPOc8uPHWVEwqRjO9atsstTeHRY":{"chainKey":{"counter":0,"key":"vJWKSDHF0MyRBL5DsRd3G5GJ2TNw+hcLqUqPCud9rR0="},"chainType":2,"messageKeys":{}},"BeUaAB8u6zN/OQPAaAH+EJTRLnCvMLYLIVcaNYLQijsw":{"chainKey":{"counter":-1,"key":"SuMCt3A7rmwwbXKdtZraHtTr2yQVJaOFYpuMZomphsE="},"chainType":1,"messageKeys":{}}}}},"version":"v1"}