{"_sessions":{"BeVf5UbE47lF8LmG35acqq3ImEW//vFSsUbmyYpJZRBK":{"registrationId":691336897,"currentRatchet":{"ephemeralKeyPair":{"pubKey":"BfBjQ+Y2Gk/Iium0L7TP1bTuY8troN1rnx5jSjohbo4R","privKey":"6Cgeth/dC+UJuDKx9HVZ68ISHlTj0pcsTu8sAnnpyU8="},"lastRemoteEphemeralKey":"BdY/9p7A+yYXh2gqkeEabgsaSXWfqNUlPNB8QsCrY+ga","previousCounter":10,"rootKey":"R8fAQVURDJI0xT1ydfz9m+RUm7KuxdbaIjphAGsZ6GI="},"indexInfo":{"baseKey":"BeVf5UbE47lF8LmG35acqq3ImEW//vFSsUbmyYpJZRBK","baseKeyType":2,"closed":-1,"used":1712814291152,"created":1712657648353,"remoteIdentityKey":"BY20Q+3KzMgjlL01m7l/B7TWcLdd0INs9I+47t9dWjkT"},"_chains":{"BY9y9+rrzMY0m5g0YrHCfAUg+RVZ8/medWxRmf0Kzuxt":{"chainKey":{"counter":0},"chainType":2,"messageKeys":{}},"Bdth2JE0Ka6FFW3RNXMhtrRAbg7HGvz+AmOZiOFueao5":{"chainKey":{"counter":0},"chainType":2,"messageKeys":{}},"BZ8tqluSDc8yMFbxwSME7DbXT5KjbdLLqecoi4AGiKdH":{"chainKey":{"counter":0},"chainType":2,"messageKeys":{}},"Bbvkbz+KVnOTZl7UwvvqzCnwB6Aj9hYSBKcdDICrpWlZ":{"chainKey":{"counter":0},"chainType":2,"messageKeys":{}},"BSL1jfyMrsgotMJwz62ZFhEqIkrGm+9axPr4eBHZeDRZ":{"chainKey":{"counter":0},"chainType":2,"messageKeys":{}},"BfByQBg2fJgQXKD9IzqEFM1I0OFV9xMEjkC6RnmYb80L":{"chainKey":{"counter":3},"chainType":2,"messageKeys":{}},"Bfa/xdjzyYRXLxXhA4cBDLzTToezklkqFDv9F5mB1bcZ":{"chainKey":{"counter":0},"chainType":2,"messageKeys":{}},"BcwIAaqqRCQdS10s6EPqHMCVsH6a3tYPkCHQfWSwL9Ar":{"chainKey":{"counter":0},"chainType":2,"messageKeys":{}},"BW990wU3g38z0TC9ssdQGoMcwUnn3RdY9r/ksKwlxP4+":{"chainKey":{"counter":0},"chainType":2,"messageKeys":{}},"BZ8QplW+eoa/bL1mka99w954sUD7XN1S/htbOMwHF3BJ":{"chainKey":{"counter":0},"chainType":2,"messageKeys":{}},"BesezsRaLM0Tj9zP7FoRpryJUwDA4A7wTwHeQubV1B59":{"chainKey":{"counter":0},"chainType":2,"messageKeys":{}},"BdIAZaqkGPPqYR0CMVfpIZnNiVNWngZHruQmhT+UJcZD":{"chainKey":{"counter":0},"chainType":2,"messageKeys":{}},"Be7eK+1+CqaVFukTYKWSZIe8ysGZCMpaw3URNOW0810A":{"chainKey":{"counter":0},"chainType":2,"messageKeys":{}},"BWVJYRCiz4H8JE7zOdOXNLPP73HR+C7iFVk3jqvXsCwQ":{"chainKey":{"counter":0},"chainType":2,"messageKeys":{}},"BWf0txYd0wNqBsLsIVise/IqI/8D9TztxiH8BoU1f2M0":{"chainKey":{"counter":0},"chainType":2,"messageKeys":{}},"BVTZ+U5TkJv82910EkjGi6Knvzj7DNg9ilnZKedq8DVW":{"chainKey":{"counter":0},"chainType":2,"messageKeys":{}},"BQ1jIGnBEvtRs4U+W3ODchy/OFQsIUhlCZirtjAVUiFO":{"chainKey":{"counter":0},"chainType":2,"messageKeys":{}},"Bcy2dMZg+RLWT5/0kX3W/NxYMVKWYMDVIdbyeL9hnCNj":{"chainKey":{"counter":0},"chainType":2,"messageKeys":{}},"BaMZ/CdvHTht6MJ9tyxpXIl2Lf2P1HAe/EhM6V6T4u9T":{"chainKey":{"counter":0},"chainType":2,"messageKeys":{}},"BRaBuDJ2cDhrE+jskCSC8YaHbjsnjO2oOZQjAnpYaqhZ":{"chainKey":{"counter":0},"chainType":2,"messageKeys":{}},"BeoyMIVAuoUe0x/+aQKCVzlI74pqTrSwavWezW1df/k2":{"chainKey":{"counter":0},"chainType":2,"messageKeys":{}},"BT8jfmUNj4UkhBqpLGkPPTilKDUb75OqTdJgGea9HUk1":{"chainKey":{"counter":0},"chainType":2,"messageKeys":{}},"BVzS6ewHfdvz2PDE536urYACGNFjC5wRJ8Jr5nuTIjEC":{"chainKey":{"counter":0},"chainType":2,"messageKeys":{}},"BaAGFcLiZT9vjvQwgDFgzYciisgcwY6S2wzVr0cuK/QH":{"chainKey":{"counter":0},"chainType":2,"messageKeys":{}},"BTJDkD0hlCM9G9Z8c/T82HxfG9l6JK0PVuVzJ/sVKLEv":{"chainKey":{"counter":0},"chainType":2,"messageKeys":{}},"Bel/lk7G6RHU65+6/ELMipODHiIKArWN4gwgRpdEN6Jk":{"chainKey":{"counter":0},"chainType":2,"messageKeys":{}},"BcIO0MlFhHu2/qzoDcOt/+NH6unQdhiw2krWo1X231dV":{"chainKey":{"counter":0},"chainType":2,"messageKeys":{}},"BWFuWZ1wvGP+8RawShPLuEGIUftLuOKkQE13PpmKPHce":{"chainKey":{"counter":1},"chainType":2,"messageKeys":{}},"BVVFZHXNw04PHVbbZnZi79+IyPAGWtK/c8vdQHejbp91":{"chainKey":{"counter":0},"chainType":2,"messageKeys":{}},"Ba7D20MEYP3d67sCugPGCwsxZ/buSeIKaDxOu7B9oeZW":{"chainKey":{"counter":0},"chainType":2,"messageKeys":{}},"BU0SHst9xXvJmmVp9EyNm9+mBT36CyI68l6ksKAE6NtE":{"chainKey":{"counter":0},"chainType":2,"messageKeys":{}},"BbJq85olGegZ0WvgsIt/qQGjwQaLxEyLlnghzRvlgo84":{"chainKey":{"counter":0},"chainType":2,"messageKeys":{}},"Bep0vKuDVTdHaKoZsRYjVvRUqdKGPVN8vPyWgheBd9ZP":{"chainKey":{"counter":0},"chainType":2,"messageKeys":{}},"BYcp/VoZQQuBTTZjwJRJSIO/QzONNJ8Lm36dOTuWW912":{"chainKey":{"counter":0},"chainType":2,"messageKeys":{}},"BYzx4wtwJzBb2QeiKH7of5UN2j3g+7bYmW0Lj+f+lplA":{"chainKey":{"counter":0},"chainType":2,"messageKeys":{}},"Bao9jGx0WXeRJ52dKCgzdpSD6F7B62bFdfpdY3lydCU9":{"chainKey":{"counter":0},"chainType":2,"messageKeys":{}},"BTN2KezphhSkNM5Ea2MkitmcikYgI+Tj5EOuVg20hT8D":{"chainKey":{"counter":0},"chainType":2,"messageKeys":{}},"BTCs0nkDYtFPjXKYarMTysawQonuxIBno+1oN5Bm7gow":{"chainKey":{"counter":0},"chainType":2,"messageKeys":{}},"BRDyDHEmJ14YiBVxZxA+Ill1oXREHLgHLeXabtG5Adpy":{"chainKey":{"counter":0},"chainType":2,"messageKeys":{}},"BUmf+0kMrePw8Y6FXkn2A4EHdA9OH5z+d+uzEpuU7/Y9":{"chainKey":{"counter":0},"chainType":2,"messageKeys":{}},"BSBAEfRMjvcaKxst0yHNQsvfs0CJzA5QG1xl7hYxBwM0":{"chainKey":{"counter":1},"chainType":2,"messageKeys":{}},"BcbwX274gicBqs71lkCdVjJkJZUHOmTMl2OhqVCwfONc":{"chainKey":{"counter":0},"chainType":2,"messageKeys":{}},"BYgYbkrpeEIt1veDgDJ34JYH6zLvctIG4pujV8SxJ+9N":{"chainKey":{"counter":0},"chainType":2,"messageKeys":{}},"BXsr7wcTwr/rMUh24k4b0lURwxl3e/peDxM876u8vB1R":{"chainKey":{"counter":0},"chainType":2,"messageKeys":{}},"BbMaGMg7/BXPSnsddDc/y481RW21iY+MVl3nGtnvPoxq":{"chainKey":{"counter":0},"chainType":2,"messageKeys":{}},"BWE+BqE2Xv2GiU0IW3ByQOmZ0vaLsNbqU+87hkxWefhF":{"chainKey":{"counter":0},"chainType":2,"messageKeys":{}},"Bfuva0eunu8wMrIUwelEk0gSaDCyzchSxyMbv5eAMZEk":{"chainKey":{"counter":0},"chainType":2,"messageKeys":{}},"BZW5JyqNuIWYDH4gzOboGHRaydVPzeVxFqD9bMs5G3tK":{"chainKey":{"counter":0},"chainType":2,"messageKeys":{}},"BVKushXauxHVN3A/VO7ubNP3VBJBok/xoD2mhzgQeq01":{"chainKey":{"counter":0},"chainType":2,"messageKeys":{}},"BTPfUNvVlASFNWee68+NBR6CQBaEV3PHQN9KtgPRpqgq":{"chainKey":{"counter":0},"chainType":2,"messageKeys":{}},"BXy3wPNmyLPtHXOPZR7ZiF82lctRa5gi6vd38XxIX25u":{"chainKey":{"counter":0},"chainType":2,"messageKeys":{}},"BV4SrZevLMMct9CyHzkm9JYRA0D27Ewf0MCYxNUgiIZK":{"chainKey":{"counter":0},"chainType":2,"messageKeys":{}},"BTUUoX0vzcTZoAOhLcmgo2BOInDorbbxkCEiyOO+0SVj":{"chainKey":{"counter":0},"chainType":2,"messageKeys":{}},"BQqhDCy9tO+HQ4OX1lJP/Zix1B3kaOYwUDK0NTyL2HlA":{"chainKey":{"counter":0},"chainType":2,"messageKeys":{}},"BdJyPeS3FIiOiXgHjVSzHOafxVUqFoREdCTbnKO+dVhz":{"chainKey":{"counter":0},"chainType":2,"messageKeys":{}},"Ba3qkia40GSEd4PRZ0rEMaDa0nalEm5EVpXDiPzuJDdl":{"chainKey":{"counter":0},"chainType":2,"messageKeys":{}},"Bc8n+SO/wwNxQOXueLc/N13E1rH/R/gvhMbf1Ty2hwVY":{"chainKey":{"counter":0},"chainType":2,"messageKeys":{}},"BVsjY0ZE7g8vJqElbLEnJXsm5vQ+XU1cVkzOX7cimK0j":{"chainKey":{"counter":0},"chainType":2,"messageKeys":{}},"Bf1U3W/9a8+Ws19ZbzZEyaILVAE1XM1jPzimgPK7uxpA":{"chainKey":{"counter":0},"chainType":2,"messageKeys":{}},"BbyW905qQ7Qbp47yvaiefA2hDEYTMuCkGTdT8p197d9A":{"chainKey":{"counter":0},"chainType":2,"messageKeys":{}},"BSssuqs817n3ta+JygPRINNETC5y75UTxMOLXUknKYNh":{"chainKey":{"counter":0},"chainType":2,"messageKeys":{}},"Bf0P9Rj5g3+pXaL7pzZoWXouoKhcPXiAdkSVCuLmXjdZ":{"chainKey":{"counter":0},"chainType":2,"messageKeys":{}},"Be+SiL9unJX+6SclbOfE24/MEKU0VFhvxdPsOZcRzcs8":{"chainKey":{"counter":0},"chainType":2,"messageKeys":{}},"BYok8UafTB7wqtb0zwZgtMXeom++dg/dTfp1BOOcAG4x":{"chainKey":{"counter":5},"chainType":2,"messageKeys":{}},"BX8EcyxXYUSAEtFm8VYnmZiTO+cVixvb8gFS3RCykqli":{"chainKey":{"counter":0},"chainType":2,"messageKeys":{}},"Bb+KpA1AFLqKg2FkDdJ3OZCaiKlbwOS5hWTFQ9PVlphY":{"chainKey":{"counter":0},"chainType":2,"messageKeys":{}},"BWx/WMBnfl2ozd+QsnqggmVHPpFlPMCf11NQF/3n3Q49":{"chainKey":{"counter":0},"chainType":2,"messageKeys":{}},"BVUPOaV268WYoHNIwpKEtgySOk4gIRWHWzs0CKzMeClc":{"chainKey":{"counter":0},"chainType":2,"messageKeys":{}},"BWDpijPu+JuiKM+ZZaLjTOdzzlLWKuOlIBRCed8JSGxz":{"chainKey":{"counter":0},"chainType":2,"messageKeys":{}},"BeXbiYpBVZTiyB9N5wUm5UochdrLVIIrgabO9c9tiJYf":{"chainKey":{"counter":0},"chainType":2,"messageKeys":{}},"BdgbXQoT+ztnPFCHT4cDLlHbgCqr5npV3d9YMZFXQUIK":{"chainKey":{"counter":0},"chainType":2,"messageKeys":{}},"BXzQnDVnJ1rOAj5Sdg2H+NBeC6fu1XQ+fJRM5oMKWPEq":{"chainKey":{"counter":0},"chainType":2,"messageKeys":{}},"BVgA+GVptD3C0ZJesEUwe1KfkSQ7pqt3eBkQstl10Ox7":{"chainKey":{"counter":0},"chainType":2,"messageKeys":{}},"BdY/9p7A+yYXh2gqkeEabgsaSXWfqNUlPNB8QsCrY+ga":{"chainKey":{"counter":0,"key":"wgZbGkSkzLguAonDs1IFovSpejIf/T/akkcXoQI1dZw="},"chainType":2,"messageKeys":{}},"BfBjQ+Y2Gk/Iium0L7TP1bTuY8troN1rnx5jSjohbo4R":{"chainKey":{"counter":1,"key":"YYXmc5h9SiVglIuNi+IuZmCsr8s7hHERRASBosMBzo0="},"chainType":1,"messageKeys":{}}}}},"version":"v1"}