{"_sessions":{"BVUUzogE2twfVWP3GJUZCC5JzCaUKX5a5iyto+inOEF0":{"registrationId":135,"currentRatchet":{"ephemeralKeyPair":{"pubKey":"BTE0b+xsBrQvRE55D1qqdAcwRITDGw7/t5aDXBU8hrQl","privKey":"WGQ8luoOt40DHjjRc9PXPwRnpcCP8plbjd1P3EkbC1I="},"lastRemoteEphemeralKey":"BQG4eWNZHjLaMrAayziTRNfkZ51cNvxHjPKvA19Zh9BN","previousCounter":0,"rootKey":"RyZTWYO7srCPDTa49f7gZKOBZqaiH34vemGG4JjvCuU="},"indexInfo":{"baseKey":"BVUUzogE2twfVWP3GJUZCC5JzCaUKX5a5iyto+inOEF0","baseKeyType":2,"closed":-1,"used":1711453270418,"created":1711450015289,"remoteIdentityKey":"BQ0IcNhPxGmKGnpmZnuryAh99GkhHSxlWqysVnC4s/x+"},"_chains":{"BQ79V87U4tXOk19U1yiXsBA8nVB5ZT3vWeRhqx4Jt7wS":{"chainKey":{"counter":0},"chainType":2,"messageKeys":{}},"BQG4eWNZHjLaMrAayziTRNfkZ51cNvxHjPKvA19Zh9BN":{"chainKey":{"counter":3,"key":"DpngKua87/eUvVZlGYcokxzjNZyBr/eBkE+HcVu3ugs="},"chainType":2,"messageKeys":{}},"BTE0b+xsBrQvRE55D1qqdAcwRITDGw7/t5aDXBU8hrQl":{"chainKey":{"counter":3,"key":"TbIBW4B1QRYeE6GsgJfpzftw4n+hdf8rfZGxf8TdT7g="},"chainType":1,"messageKeys":{}}}}},"version":"v1"}