{"_sessions":{"BWaZeZZlTb4MM6o31wDALnmo8ftPnR2odzKkuWEOSTsk":{"registrationId":107,"currentRatchet":{"ephemeralKeyPair":{"pubKey":"BcJsBaLycrUni9xKkf1FIVY0npD3qkH8Dd77xPt05AVE","privKey":"AKxsikslUtj5QKxJPvJWMHafRf7pB8qO7gplTZyReH4="},"lastRemoteEphemeralKey":"BXc3I9mRbSxlDObKDd9gjMDAdm5My5yuPXNcYTeZ9V5B","previousCounter":0,"rootKey":"ouuOA8H0ZchLu27LjSH01iSXi22TDN3u23L2YeMJGOI="},"indexInfo":{"baseKey":"BWaZeZZlTb4MM6o31wDALnmo8ftPnR2odzKkuWEOSTsk","baseKeyType":1,"closed":-1,"used":1712723511350,"created":1712723511350,"remoteIdentityKey":"BakAegp23sDa0z53gnhX23ovJhdz+/vVZg7+1ac6cikV"},"_chains":{"BcJsBaLycrUni9xKkf1FIVY0npD3qkH8Dd77xPt05AVE":{"chainKey":{"counter":1,"key":"6/btdAMwpQmTbms2VrHj2qQv3dKOWRaHoMIRjo77ZM0="},"chainType":1,"messageKeys":{}}},"pendingPreKey":{"signedKeyId":1,"baseKey":"BWaZeZZlTb4MM6o31wDALnmo8ftPnR2odzKkuWEOSTsk","preKeyId":30}}},"version":"v1"}