{"_sessions":{"Bd9MX2jUubsG0T+YiTgebGlzFc9jWXOsV2TVJ4YKbupp":{"registrationId":96,"currentRatchet":{"ephemeralKeyPair":{"pubKey":"BZMhZzPKwvE/d5DdQ5+uwBZFjo6ecbMNTOxJXQbNn+Is","privKey":"mE+KD2POJAzc6bGdMlbpFukc29oTISDbQsgMqaQxSlI="},"lastRemoteEphemeralKey":"Bb7HdQyS2ANVjcEW06IaB4grYY/93S5Sk9K7bQ0q314W","previousCounter":0,"rootKey":"FYm5DjsmKkUYGeGcfXx8K8mNUO7qcUrsipI7DXr1hug="},"indexInfo":{"baseKey":"Bd9MX2jUubsG0T+YiTgebGlzFc9jWXOsV2TVJ4YKbupp","baseKeyType":1,"closed":-1,"used":1711442739527,"created":1711442739527,"remoteIdentityKey":"BR2bZhg3Le3ObFrarA+uQTg0cRrSSV9DJIBO0HxH3+An"},"_chains":{"BZMhZzPKwvE/d5DdQ5+uwBZFjo6ecbMNTOxJXQbNn+Is":{"chainKey":{"counter":0,"key":"eoo2XzdKBKJHDy8xVBPDFp0ljKR3aMHwR7VJBGmF3EU="},"chainType":1,"messageKeys":{}}},"pendingPreKey":{"signedKeyId":1,"baseKey":"Bd9MX2jUubsG0T+YiTgebGlzFc9jWXOsV2TVJ4YKbupp","preKeyId":23}}},"version":"v1"}