{"_sessions":{"BUt+aOU4ZEdU87Rctg78b2tuXb2zX0JQxC15XS7tqvRS":{"registrationId":1582,"currentRatchet":{"ephemeralKeyPair":{"pubKey":"BTaDugN5vQQ6QTGhbPW39WX1ckuWfWPBZZsh/sG+yOsL","privKey":"AJh1o0DYnFQlp/phwMm+fdYy8yKjIGd+AI2id883HGo="},"lastRemoteEphemeralKey":"BYSu03GFQZSS40Jo5XUxe08IOigwpKZIE/zLkWh+73oY","previousCounter":0,"rootKey":"+p2z6HWnEa/UmttyFUF4jrZ9Fu8NiDmLVZ52tws6Xaw="},"indexInfo":{"baseKey":"BUt+aOU4ZEdU87Rctg78b2tuXb2zX0JQxC15XS7tqvRS","baseKeyType":1,"closed":-1,"used":1712837114257,"created":1712757442340,"remoteIdentityKey":"BRQ4gl6kfv/u1tw+nq/yYWzFS2PT0STlSJuEcqnLz8I6"},"_chains":{"BYJOpYk/tIxrriLPTZR7jH5Ej6JBpF8ipqWklvsDfGMQ":{"chainKey":{"counter":0},"chainType":2,"messageKeys":{}},"BXLN9KpY2hP9uqqriHzLbZErVGU9bwwXZwdRk2gyzH4j":{"chainKey":{"counter":0},"chainType":2,"messageKeys":{}},"Ba+0RpJ4LRvTkR7Y0Y4nBAOIixyDU/mDBqKRcxL8F00H":{"chainKey":{"counter":0},"chainType":2,"messageKeys":{}},"BdDdIWx1y/dq9xTV4podC7kIcyf3A4wkGDQWklbtkatk":{"chainKey":{"counter":0},"chainType":2,"messageKeys":{}},"BYuK3zeo7WBgRrBqF/CZjDxLuWkQCxKG6ue0pBotWrFF":{"chainKey":{"counter":0},"chainType":2,"messageKeys":{}},"BSwmf9TXIUgM+AKzCnPHr//EwLPt6kDoCr/X60GqskJM":{"chainKey":{"counter":1},"chainType":2,"messageKeys":{}},"BQcvY9chpVy1KGOcVmYnQoBY95ye2GhF/l5SURs6Ayg2":{"chainKey":{"counter":0},"chainType":2,"messageKeys":{}},"BQOX8qFjCmWIh7GR2Qb1vCnEYMV0XGSLOBjRXl+MCxA/":{"chainKey":{"counter":0},"chainType":2,"messageKeys":{}},"BeT3EiPFF+WgXON53E0inYWOxYlWqsCtTNro3Ov8dZoX":{"chainKey":{"counter":0},"chainType":2,"messageKeys":{}},"BRTV8830vsd8z5MqhzVxdQWC6Nyd+9S2lyKH2O8A11UZ":{"chainKey":{"counter":0},"chainType":2,"messageKeys":{}},"BcXHx6jnnq5/cJhUIL9MChyBmYMOERLlY5Hka8ohOQIE":{"chainKey":{"counter":0},"chainType":2,"messageKeys":{}},"BTl/52iLezbOeJbpcrlP3reoV32fbX93y8cDuOzyaGQr":{"chainKey":{"counter":0},"chainType":2,"messageKeys":{}},"Bee17cPjsjRKNQrxp36mIAouWcCa4ZkHhOP5jwvftr4U":{"chainKey":{"counter":0},"chainType":2,"messageKeys":{}},"BXEYTdu555PqaZtx6UOHOeQca/+MEG5xZ55iPu56EtsU":{"chainKey":{"counter":0},"chainType":2,"messageKeys":{}},"BbyXpYP9GvbHACF5k3i492yhEABG+i/+8Rgc8YUUy7t2":{"chainKey":{"counter":0},"chainType":2,"messageKeys":{}},"BZ+4Wj5JiF5mTfrYcT6YTXhRifMm7niJrFqM103dVskP":{"chainKey":{"counter":0},"chainType":2,"messageKeys":{}},"BVcwj0vrZ6ihbh7l5gZF7asywciZt6WBpO+GMNdqakJt":{"chainKey":{"counter":0},"chainType":2,"messageKeys":{}},"BRfE+LHBS33fivrjghro4MP5u90A4CJtaSeYl82rb+RW":{"chainKey":{"counter":0},"chainType":2,"messageKeys":{}},"Bbno+RDHqmb/Q9FusEldDsvhOW3vv3qhvr4ctL/4ahw1":{"chainKey":{"counter":0},"chainType":2,"messageKeys":{}},"BXY5TVRSYS7z33pGOD/Ny6UIR6vRzkQ6p1V+YQDD+zgU":{"chainKey":{"counter":0},"chainType":2,"messageKeys":{}},"BYSu03GFQZSS40Jo5XUxe08IOigwpKZIE/zLkWh+73oY":{"chainKey":{"counter":0,"key":"3pXoxAIqD2KXWS+3ck1N9qqxQsCl2U9EYVboNhTeKks="},"chainType":2,"messageKeys":{}},"BTaDugN5vQQ6QTGhbPW39WX1ckuWfWPBZZsh/sG+yOsL":{"chainKey":{"counter":2756,"key":"26hW2H8Mst/Rq8itkHQdaQhfTlB97kDe9uETKa72G9A="},"chainType":1,"messageKeys":{}}}}},"version":"v1"}