{"_sessions":{"Bc2jWowAD8DBHOmVneMF6e9qxHehehzqwHCOmJTkCSwv":{"registrationId":1094600980,"currentRatchet":{"ephemeralKeyPair":{"pubKey":"BeQ86VYB8XpDHrP+7oZFuZRRq+EGw8TaC4EyYlcPG+tY","privKey":"SITiUFIhD+/VO0Avpx/VGk+lL+42s5DmI+mIFkfYQ2Y="},"lastRemoteEphemeralKey":"BayraDNAHk2zxfVSvCAvnXA5MJfCXppLbmJd+jA3YxxL","previousCounter":0,"rootKey":"mTaC+wiplkF5gRCO2p9W8XYq/DzbP5c3jmZHKrkItiQ="},"indexInfo":{"baseKey":"Bc2jWowAD8DBHOmVneMF6e9qxHehehzqwHCOmJTkCSwv","baseKeyType":2,"closed":-1,"used":1713877676351,"created":1711075701249,"remoteIdentityKey":"BSTp907d6XWMaMidu5EURnjbtgmlGDrZ4xioKmodtWl9"},"_chains":{"Bep8FMywlAiFMS17+MXCnpbDXZ/bbCQE4fE9KhqnYz0L":{"chainKey":{"counter":1},"chainType":2,"messageKeys":{}},"BT3EwS27/qgA7rfCYOlJ9HoBtvsNprPnJDXrmTb34JNJ":{"chainKey":{"counter":1},"chainType":2,"messageKeys":{}},"BU+8pp940jagX/5hVOvJpSbO6h0wv2eQ9nQdxwPYMvc9":{"chainKey":{"counter":0},"chainType":2,"messageKeys":{}},"BZ1pFVeZ+3/TtuH2jtQXo3g8qKU0ZTZNXAc6Wocc/wtp":{"chainKey":{"counter":0},"chainType":2,"messageKeys":{}},"BUpTW6c/pGtElwjWLQFEpYqVdl2T3Pq+rjS5Q2TJgP1x":{"chainKey":{"counter":0},"chainType":2,"messageKeys":{}},"BaRxnvTyrZKUH+k8q49tf+4Nf4uJz2I6AZYPFSWANSov":{"chainKey":{"counter":0},"chainType":2,"messageKeys":{}},"BTMfKGx43FIp3AIiGXLY9Ob1NZuyhBHoVJ4QVfmV5CJe":{"chainKey":{"counter":1},"chainType":2,"messageKeys":{}},"BdUe7yO/592xU+olWsRTon26QHUO6jP8bn6cgsU+FoV2":{"chainKey":{"counter":1},"chainType":2,"messageKeys":{}},"Be+w92F5b+6GPQul5/58bfy96klHXKIK9pfGMAwbpZ4f":{"chainKey":{"counter":0},"chainType":2,"messageKeys":{}},"BQMh7YP7qeTDstPd4ccL7cBRl5uugJrvjs7mx0GEgv50":{"chainKey":{"counter":0},"chainType":2,"messageKeys":{}},"BVMUBNWDwZw41582O5HoPWeV4ESDP6LvEvPtPI/zAMFD":{"chainKey":{"counter":0},"chainType":2,"messageKeys":{}},"BZ+RJwq0CTKYZaRcNJ3U5BKnmnfG3bbE3bdTDgOZ01Nm":{"chainKey":{"counter":1},"chainType":2,"messageKeys":{}},"Be/qNp8kWbteIhb2XxcWgNS0KdUH5zh0jSdoXueH5QRp":{"chainKey":{"counter":0},"chainType":2,"messageKeys":{}},"BaFIbPttzqS+LcVYykAA5SMeYEeCwUzfUJNa1tvAp+xh":{"chainKey":{"counter":0},"chainType":2,"messageKeys":{}},"BUeHuIA+06u+XsQbf6vSOl+tXlnTltAnqNYg9pIQ9GAv":{"chainKey":{"counter":1},"chainType":2,"messageKeys":{}},"BYlatyxkdLoX3HYMCwdZ/Taft68Q/eIgWZhtx+XtzV5S":{"chainKey":{"counter":0},"chainType":2,"messageKeys":{}},"Ba0xlzPPZDjZvaHD4eKzaBeK/yG0B3dQWT0R86hGOBIk":{"chainKey":{"counter":0},"chainType":2,"messageKeys":{}},"BX8wU98kzjuBH5F49MQ5DY7JiyZ0wbPal8KMY4EzCrE3":{"chainKey":{"counter":0},"chainType":2,"messageKeys":{}},"Ben/Qdu7ABQj6sx7QbgXJaqDcNlaWoxlobNgqNmJfE5U":{"chainKey":{"counter":0},"chainType":2,"messageKeys":{}},"BZNkDgmUI9gRirwCBeQhM+Uh9DCavnQ+Vh++tAhcSOAx":{"chainKey":{"counter":0},"chainType":2,"messageKeys":{}},"BX2YPyEABDAxuNnbaSiJ39fkeESLXeciAMeBYknwnks7":{"chainKey":{"counter":0},"chainType":2,"messageKeys":{}},"Bakb/kxybkcLQI1RuqTdA64zrR2T85F24SE4g53vw7Jq":{"chainKey":{"counter":0},"chainType":2,"messageKeys":{}},"Bfcuy/xSgBGN4/9NnBP/qCWoYGWOf3nOULOWiiL3+f5T":{"chainKey":{"counter":0},"chainType":2,"messageKeys":{}},"BclMzBYDbC0gypZPeEYNSAhPYVYC1K6pgDCIU+89N7c7":{"chainKey":{"counter":0},"chainType":2,"messageKeys":{}},"BcA9tENWe4TP0MBc+jL13mT8LW0oaHiUVhpxKI+wuTZn":{"chainKey":{"counter":0},"chainType":2,"messageKeys":{}},"BURShcC2zWkYRUzzW29MAlxjQf15ex0lKW2PnlKFc4Ft":{"chainKey":{"counter":0},"chainType":2,"messageKeys":{}},"BWEfqxJfUhv6/+uaLpYElAj/4u85tIYMxSGGZOkZRK8G":{"chainKey":{"counter":0},"chainType":2,"messageKeys":{}},"BdbesZ4W6tBEdOq34UK8qC//nBYjBjyGsArAVCBbBLAZ":{"chainKey":{"counter":0},"chainType":2,"messageKeys":{}},"Babv3BhqDHvjZNIgsqyZCC4bZ0btiV2v4CilTdX25pss":{"chainKey":{"counter":0},"chainType":2,"messageKeys":{}},"BbdjTM416xLo2zOqC1az2MyHNP08X2DiOzawSHvkik0/":{"chainKey":{"counter":1},"chainType":2,"messageKeys":{}},"BTUMRNLHOMuFx6FPXUKZLCPIjy43IYv+WTN6y9SMoz53":{"chainKey":{"counter":1},"chainType":2,"messageKeys":{}},"BSeVKpU39nyOkMHRfwJgBkOeKZSy06UErPw8ITQxQggs":{"chainKey":{"counter":0},"chainType":2,"messageKeys":{}},"BWdkTb068wPYFolVvoIFq8a6ZG8Y0hsGDOCc3U9mkWgv":{"chainKey":{"counter":0},"chainType":2,"messageKeys":{}},"BWHFt5fxGRhnmjVaXCKUUqpneKJUNBSfdbpWbbNnA4p2":{"chainKey":{"counter":0},"chainType":2,"messageKeys":{}},"BbxuAklY9TzYZdGvyHCnLXpgGsqMMsU5txWJsPikmMpq":{"chainKey":{"counter":2},"chainType":2,"messageKeys":{}},"BdJ1sl4jz2AGQ6jt/axu05JlpS+MqFTZd7aNU2sDlso5":{"chainKey":{"counter":0},"chainType":2,"messageKeys":{}},"BRgRjD/TRg0Ww7TPlOnPnjG3lchAir6TsfEYok6E2iBf":{"chainKey":{"counter":0},"chainType":2,"messageKeys":{}},"Bdhv19htRlNWQFjjIgSEE8LfzQpYrrhKBIJJeFy/HbA3":{"chainKey":{"counter":0},"chainType":2,"messageKeys":{}},"BbX3MjvdiMWaytduZSr5N8VR6V2DaF3f7CJOwad8515S":{"chainKey":{"counter":0},"chainType":2,"messageKeys":{}},"BRZsQC7Fo+D9z1I7MnNOIeclazQu3j8OVV2dW4bwkT5e":{"chainKey":{"counter":1},"chainType":2,"messageKeys":{}},"BRVCjtFlbbwY380hcekP1lhTfP/ifXF3yiZG8AQXswgf":{"chainKey":{"counter":0},"chainType":2,"messageKeys":{}},"BT09Kkuu9hDu0dUOppLhdZmMkcSwK1WAoPU8ElK4QQBo":{"chainKey":{"counter":0},"chainType":2,"messageKeys":{}},"BSHGuzloqm7l34v46myiX/aLnEIXkz5O0T5mBJ+w1NwV":{"chainKey":{"counter":0},"chainType":2,"messageKeys":{}},"BatsLS0tNtTc8Sqm7bumV5ZlW/GOhcv3BLc3eiX1rB43":{"chainKey":{"counter":0},"chainType":2,"messageKeys":{}},"BR4BGBMKwy9xmet7906WC5ltjX70cRzSE6XtWfYAsJc7":{"chainKey":{"counter":1},"chainType":2,"messageKeys":{}},"BWOxF6/3Z8E7GmkEriAWiQc2f3LHeB7HUQ+No+PFuWgo":{"chainKey":{"counter":0},"chainType":2,"messageKeys":{}},"BYGYQiUyL9rGAd6ukDe39tCufwgDKnpP+0IzlN+obr4i":{"chainKey":{"counter":1},"chainType":2,"messageKeys":{}},"BQVEVRe9xQ6AGKkmstNeA3VFC9f0czTwkaBKTiTbycMe":{"chainKey":{"counter":0},"chainType":2,"messageKeys":{}},"BWyXLwTL0R8t0C62sc9CsCwb79AU+oq+slP8XGD1+1lU":{"chainKey":{"counter":0},"chainType":2,"messageKeys":{}},"Bds+X/e2S6hjznsaiXGwK7ESfjYSHRfW4Is5r2uefJgP":{"chainKey":{"counter":0},"chainType":2,"messageKeys":{}},"BTUWBRr5kOWPVlXOpfJzx6j0GQsya91Q4ZQe0why/rVg":{"chainKey":{"counter":0},"chainType":2,"messageKeys":{}},"BYfse68wFgEdHjSvyz7MU94wMb99VZjaFnMzKK9/Zp4a":{"chainKey":{"counter":0},"chainType":2,"messageKeys":{}},"BQ5M+RMXhHBaPK0Qyk7LcyfuZjYgj0lVjKgkoyrQl/pR":{"chainKey":{"counter":0},"chainType":2,"messageKeys":{}},"BYSRmWccsXx5cH+5ux0a/2ga2LJOtrq+PtcMLCsMD11m":{"chainKey":{"counter":0},"chainType":2,"messageKeys":{}},"BbKHV+nVXJkB6O/Qqw/LpHshCFVXX2kvJLlqILDStXxl":{"chainKey":{"counter":0},"chainType":2,"messageKeys":{}},"BT3p5eBVKwEB3BUTRffwUYbB3MxDnPI25vTirk95Eapg":{"chainKey":{"counter":0},"chainType":2,"messageKeys":{}},"BS6oWU5Z0uIDQZd9DW3tRCcUIkUMvbsJ6U6g6Sn+8oFV":{"chainKey":{"counter":0},"chainType":2,"messageKeys":{}},"BerDPcSz8rSXP39VS1PcNfne3pc4CvU/3QEi2mZwK4MG":{"chainKey":{"counter":0},"chainType":2,"messageKeys":{}},"BcD6TO3SXQ056/iqLjU5Vr0ayW4/J5mkjB+kbZj4cPN3":{"chainKey":{"counter":2},"chainType":2,"messageKeys":{}},"BQRhjbTfsZhQhXvWYQhQE3ulUtW6WCMFxbLDeiGzzOZS":{"chainKey":{"counter":0},"chainType":2,"messageKeys":{}},"Bd6o2bYQveGOrGK6nmeCFXEeDjTOkb0nY2LUkDS5c6ZB":{"chainKey":{"counter":1},"chainType":2,"messageKeys":{}},"BYMw7QHvzhsZDqwVW1bX77sQ7bEgRMDNBchsnK0kGkFw":{"chainKey":{"counter":1},"chainType":2,"messageKeys":{}},"BRGojsaGhNpjCGMqq43umjpdgvKDWSKS+AQUNknrHl8p":{"chainKey":{"counter":1},"chainType":2,"messageKeys":{}},"BWNeOsPz28lVvOAoLCkC9cRCc3THXQCZjwkiPFxrVnAc":{"chainKey":{"counter":0},"chainType":2,"messageKeys":{}},"BZ+nbzVloI6mAL0d6mOzszBU/vdFvO/JCeNTmCX4+dlO":{"chainKey":{"counter":0},"chainType":2,"messageKeys":{}},"BZP9zINNtLsoxECM83eUkDHbT9/4R64D5+nGgmqMXn16":{"chainKey":{"counter":1},"chainType":2,"messageKeys":{}},"BTXy9MQoqTi0L2v8afGyH/2jiXiWs/yOqV1/FIJPYBsD":{"chainKey":{"counter":0},"chainType":2,"messageKeys":{}},"BWnpguAIDGRJebOL1ELdW2SIhr4UQop1HChxNFA/rEcv":{"chainKey":{"counter":0},"chainType":2,"messageKeys":{}},"BV0T1Ke8Twb9HeLLFF3aUQYFWUr952bfDPlUSOG3anMJ":{"chainKey":{"counter":2},"chainType":2,"messageKeys":{"1":"1MpX01KZSykwDRbSrooe56nTCfr7geZ5UWtpX94E+3I=","2":"KRHMxumSHtsLEgZpKfaFptwODNeLOmNMt69D9xoTJys="}},"BaMgDTBCw+nYIftoizgv359wnVmZ5QTIwo0VrmC412t2":{"chainKey":{"counter":2},"chainType":2,"messageKeys":{"0":"TlT3J20n5EvIZiRXBeIuPHkT4tISUBhDtH/3W3RqkHM="}},"BboUJ/mxRI0ySXga3VQMw/5SyOxeF4fCQ1g5EtfW8nl2":{"chainKey":{"counter":1},"chainType":2,"messageKeys":{}},"BYerH+kG9s7vNKjyZPwSMEukW9IrNSxuGugMzg/cVMYt":{"chainKey":{"counter":0},"chainType":2,"messageKeys":{}},"BfaBYIY4cwtHosHcptzAyDunSKADAAu3FUnKknx+n1oM":{"chainKey":{"counter":4},"chainType":2,"messageKeys":{}},"BbFI0ErRKxNV9TGGCfwddig5RDwfbeL+SnG120xFxKQQ":{"chainKey":{"counter":1},"chainType":2,"messageKeys":{}},"Bc3um7991W0eCW1lJ4r5EFKsKhZKSuYFT5orvaZXZaRl":{"chainKey":{"counter":0},"chainType":2,"messageKeys":{}},"BdaDlmSAdEM8cy0CVM+9D1kaSw5n+IoIM0bu50HjvsxW":{"chainKey":{"counter":0},"chainType":2,"messageKeys":{}},"BckgL+JRf9BPtfRYsUa1CCp8luqBooU8dJINatu4VWId":{"chainKey":{"counter":1},"chainType":2,"messageKeys":{}},"BSFUuL4N2pavDel9Oue/+jP3cX5t6N9gZ8xZlrq8lcVr":{"chainKey":{"counter":2},"chainType":2,"messageKeys":{}},"BXxMp5/X8wnoEZMRM2g8XII4oJr9gG0p/pcu94AhbTUF":{"chainKey":{"counter":0},"chainType":2,"messageKeys":{}},"BayraDNAHk2zxfVSvCAvnXA5MJfCXppLbmJd+jA3YxxL":{"chainKey":{"counter":0,"key":"2xCFWZJy7ccai/hxVPJVCr+Bz2c5WDJIYl+JcegH18w="},"chainType":2,"messageKeys":{}},"BeQ86VYB8XpDHrP+7oZFuZRRq+EGw8TaC4EyYlcPG+tY":{"chainKey":{"counter":0,"key":"85IF+gSA8HZo5fz9t4okpLb5NoAOjbQB9bissw7cSq0="},"chainType":1,"messageKeys":{}}}}},"version":"v1"}