{"_sessions":{"BXaH1ZlKUM/dDwXoNtHVtzsrrhhB9V4cuS3I3BZj8WYJ":{"registrationId":120,"currentRatchet":{"ephemeralKeyPair":{"pubKey":"BTB2mSaFRX1glmPe4wdxkXwHvT6fJWV+7b7nHImL3ZNS","privKey":"uH8xn0M3EbapceSX/NqimzXD4CqfVSHc5wxygY6ItkE="},"lastRemoteEphemeralKey":"BWcdsn/w2SLyxm/CPG+6ggZTkqHnWTcdtoHWbOjdATYj","previousCounter":0,"rootKey":"qpzzrospwdt9MezjIrjpTlrOwDB2FFZ8/iG65bxUFeQ="},"indexInfo":{"baseKey":"BXaH1ZlKUM/dDwXoNtHVtzsrrhhB9V4cuS3I3BZj8WYJ","baseKeyType":1,"closed":-1,"used":1712639503944,"created":1712639503944,"remoteIdentityKey":"BXF0Skb8rBDxhe8fCo2mmZ++pTv78SxbwAT5yelbkms6"},"_chains":{"BTB2mSaFRX1glmPe4wdxkXwHvT6fJWV+7b7nHImL3ZNS":{"chainKey":{"counter":4,"key":"c0fT2DLmelMSj+W90R4AfhI5gcVw9X8iiCHhLi2elMk="},"chainType":1,"messageKeys":{}}},"pendingPreKey":{"signedKeyId":1,"baseKey":"BXaH1ZlKUM/dDwXoNtHVtzsrrhhB9V4cuS3I3BZj8WYJ","preKeyId":22}}},"version":"v1"}