{"_sessions":{"BYja2Thm0AC90hAq9pXxSHt8LjPMKsEzJGEFwk5atjMd":{"registrationId":2028849659,"currentRatchet":{"ephemeralKeyPair":{"pubKey":"BTAX5FAjWs8zuoCp8kfOoOX4HFA90HFg4H5y1uQ/n8Bf","privKey":"CMb3sCvhR8ZT35l/fvn4cPgURPi/TVVONS0m1jfacHY="},"lastRemoteEphemeralKey":"Bfpt+9uBkYveVR7Ef+fskpm7utlvUSlKM/3mIaCG7M49","previousCounter":0,"rootKey":"Dglpui1QLuCqUtXTROoWyTyHtXsE0XvSkITtCffgCCo="},"indexInfo":{"baseKey":"BYja2Thm0AC90hAq9pXxSHt8LjPMKsEzJGEFwk5atjMd","baseKeyType":2,"closed":-1,"used":1710327553483,"created":1710327553483,"remoteIdentityKey":"BTiUyiSFAavSQJJSTDpFXCVNKPikGCvdwTzCd0Lti2sq"},"_chains":{"Bfpt+9uBkYveVR7Ef+fskpm7utlvUSlKM/3mIaCG7M49":{"chainKey":{"counter":22,"key":"g+yhPD4ArzDddbJ8GseiZl8NGbv3pX417gyA6+cXePg="},"chainType":2,"messageKeys":{"21":"rUPYTRN2nr5DhLsd12Pv3G+qhwXEhP0RRQqJlV5QEBg="}},"BTAX5FAjWs8zuoCp8kfOoOX4HFA90HFg4H5y1uQ/n8Bf":{"chainKey":{"counter":-1,"key":"+LzIn37VPaArypodn8LROkwOFy3RBuoafVAgZ3xqTOA="},"chainType":1,"messageKeys":{}}}}},"version":"v1"}