{"_sessions":{"BVD/z9oFQYCCVUX6jJw0dtBMyYmHzrJYZrU1mkqjwz8x":{"registrationId":190,"currentRatchet":{"ephemeralKeyPair":{"pubKey":"BUoOWDUzKFw8hDxqKOzEV16/NjMWKp9/kcP9KKwRbB0H","privKey":"IKcoHy3fZj839CTbE0x19Tr8Q/soO005pr1TAjtuBW0="},"lastRemoteEphemeralKey":"BeoCpK1+PscovRWhRLKL8qgBHqXefvh7wFWUAMUJFmgn","previousCounter":0,"rootKey":"VbobXUoznJWxwG3CXgDMMaaP37BfBGIQ3avXl0kR4LU="},"indexInfo":{"baseKey":"BVD/z9oFQYCCVUX6jJw0dtBMyYmHzrJYZrU1mkqjwz8x","baseKeyType":1,"closed":-1,"used":1712639503948,"created":1712639503948,"remoteIdentityKey":"BY69BoPDIryPgBJdKJ2ahExUItlGOUcQIIWLxju8rOc9"},"_chains":{"BUoOWDUzKFw8hDxqKOzEV16/NjMWKp9/kcP9KKwRbB0H":{"chainKey":{"counter":2,"key":"QgQ41wOaReAEPUvQa5HePEeuADRisE0Z8u4LVTyZxmE="},"chainType":1,"messageKeys":{}}},"pendingPreKey":{"signedKeyId":1,"baseKey":"BVD/z9oFQYCCVUX6jJw0dtBMyYmHzrJYZrU1mkqjwz8x","preKeyId":12}}},"version":"v1"}