{"_sessions":{"Bb0/ch4fsjZNK2go9LQ0BMTLYSc8H4obkf8XbJr36bk2":{"registrationId":2094086709,"currentRatchet":{"ephemeralKeyPair":{"pubKey":"Bbur/ypwsgplSVN8w8DksgSaau8ktsfyqUe8zqflDtgN","privKey":"aIfoXy7ANqi+cK0J3TV1WKi64zLDUYyYAOnN9ztqb3Q="},"lastRemoteEphemeralKey":"BWDzG+DWKlxDm8Immq1npM2ivaWe3vKrDcX50NihXwdc","previousCounter":0,"rootKey":"QECFo/CE9766QhUUwH/GDD7v4QzdtolLLs1gq4Csy5A="},"indexInfo":{"baseKey":"Bb0/ch4fsjZNK2go9LQ0BMTLYSc8H4obkf8XbJr36bk2","baseKeyType":2,"closed":1710368175815,"used":1710368174224,"created":1710368174224,"remoteIdentityKey":"BRW5szGZEUj71N5B4EV6kOYsCmez9vlNrTlnUOGgheJw"},"_chains":{"BWDzG+DWKlxDm8Immq1npM2ivaWe3vKrDcX50NihXwdc":{"chainKey":{"counter":1,"key":"dcgv0I6hTjwIHOjC22tYPsirj+2G2+9P67keMptHrLE="},"chainType":2,"messageKeys":{}},"Bbur/ypwsgplSVN8w8DksgSaau8ktsfyqUe8zqflDtgN":{"chainKey":{"counter":-1,"key":"gQQWpnSVXFNAo4mgB75mTGGObFUTpcVf00oxcE6YF7M="},"chainType":1,"messageKeys":{}}}},"BU2XskQfs8/AggDaMimtD0HVDqd528tiv4tUOPY2D+IN":{"registrationId":2094086709,"currentRatchet":{"ephemeralKeyPair":{"pubKey":"BYUNwwMPzCewLlmP6oBdwhMvxWsi8e11v9Pk7wZSzK1i","privKey":"aI+YgyH/tVTPXVhvY0N94Pw1WLYdiAmdWFEzCGPlnEQ="},"lastRemoteEphemeralKey":"BUJUhljP7uOXVpw0cRNYbB2is97d9Rgk5NEOtEmZiYkC","previousCounter":0,"rootKey":"g72cyOzyT7Lj6gumB6JXr8hucbTEfMI04bjmm3l9vr4="},"indexInfo":{"baseKey":"BU2XskQfs8/AggDaMimtD0HVDqd528tiv4tUOPY2D+IN","baseKeyType":2,"closed":-1,"used":1710368175825,"created":1710368175825,"remoteIdentityKey":"BRW5szGZEUj71N5B4EV6kOYsCmez9vlNrTlnUOGgheJw"},"_chains":{"BUJUhljP7uOXVpw0cRNYbB2is97d9Rgk5NEOtEmZiYkC":{"chainKey":{"counter":0,"key":"4l2EdEep+C+eRKm1EuwBNlJPH4hQSUdL9ug7+Qwoj84="},"chainType":2,"messageKeys":{}},"BYUNwwMPzCewLlmP6oBdwhMvxWsi8e11v9Pk7wZSzK1i":{"chainKey":{"counter":1,"key":"eoU1+6N5LlETTW+VWG4HFamiM/9l+iat7TRifQ+JUck="},"chainType":1,"messageKeys":{}}}}},"version":"v1"}