{"_sessions":{"BVo17SEDjNXjTe4kJACZ5OH+XTBgxaBjwETWQE+Q3kRs":{"registrationId":1502783825,"currentRatchet":{"ephemeralKeyPair":{"pubKey":"BVGtVHYBL5T8UiIFCnVto1+2At8f9cKkajhCVLfnAWoc","privKey":"OKUnne+jRp9z3REsDlCGMy1qGHkshSt3WMFkWVM4m3g="},"lastRemoteEphemeralKey":"BdtZR9h7twMBFCNpzRgxDycmJTyTHxSRYN2z+/hMphwP","previousCounter":0,"rootKey":"1/cnctht0pat/yg4iZq9Bs6DSoSWrHWI65wNOJmMSHc="},"indexInfo":{"baseKey":"BVo17SEDjNXjTe4kJACZ5OH+XTBgxaBjwETWQE+Q3kRs","baseKeyType":2,"closed":-1,"used":1712226742768,"created":1712226742768,"remoteIdentityKey":"BW5qK6X8oEP2ZKgU4lXc/7Z0S5gdhbG/bjI8f0TcR/Yj"},"_chains":{"BdtZR9h7twMBFCNpzRgxDycmJTyTHxSRYN2z+/hMphwP":{"chainKey":{"counter":5,"key":"tFqASL6E7MVPUHMN0/rvKJP0NoDPpFuuWcw54asOpZc="},"chainType":2,"messageKeys":{"0":"642xVySthswxzuElZK7zxd1aUGuRxe0AkqF0staYKSc=","1":"/lKHY61MGG1ZYVj89IYXXLxRvLz5OAOtOHNK8nwNZEo=","2":"aSCml6h92vhM3rj/Pk5cfjaj8K3FaAsUrNB8O1Hi4WQ=","3":"Tjud99572LjcuOsM0SReRXBPKT2fW2j0ZfyOTHFEvgU=","4":"FycDTJmi2rNoCYF0DlzRdOC+PQhXxjKBGCMI3CEdFVw="}},"BVGtVHYBL5T8UiIFCnVto1+2At8f9cKkajhCVLfnAWoc":{"chainKey":{"counter":-1,"key":"DTNbER0ugkqulDMXCofQcajDk+l545Gh1qPJtuuxuPA="},"chainType":1,"messageKeys":{}}}}},"version":"v1"}