{"_sessions":{"Bb1PxwW805F/cjj71hxtrpqSVngo37MneoZ8WppfQZRq":{"registrationId":38,"currentRatchet":{"ephemeralKeyPair":{"pubKey":"BfqwCnHap1TeGkFxakye39SF/vmVMr9XSFygiybexMhd","privKey":"cMZeEUUbJoDOAyN79O0G6XVHk9KI0PlApsOXj9SeLHs="},"lastRemoteEphemeralKey":"BWSLC2gozhELcS4ARt6x+4ZtLMA63OnHcCH8cVPYwA0F","previousCounter":0,"rootKey":"3RMAMdplwmjZLwwUdXhB6KlQaNarprCyUHXr/xJpdtg="},"indexInfo":{"baseKey":"Bb1PxwW805F/cjj71hxtrpqSVngo37MneoZ8WppfQZRq","baseKeyType":1,"closed":-1,"used":1711442739516,"created":1711442739516,"remoteIdentityKey":"BZI0M9llB5UEIeGLeL9t1BsVwBelX3qZSCKzf9z3kVpv"},"_chains":{"BfqwCnHap1TeGkFxakye39SF/vmVMr9XSFygiybexMhd":{"chainKey":{"counter":0,"key":"ejmPSGy2KpA7r93fFTfqq2p0nsnrBFODMHVqH+cABHo="},"chainType":1,"messageKeys":{}}},"pendingPreKey":{"signedKeyId":1,"baseKey":"Bb1PxwW805F/cjj71hxtrpqSVngo37MneoZ8WppfQZRq","preKeyId":17}}},"version":"v1"}