{"_sessions":{"BR70oR32xM71pk2nTQ1g764suRii4TfSM7W3+oRKGaoY":{"registrationId":5,"currentRatchet":{"ephemeralKeyPair":{"pubKey":"BevN0Vt/ADjyxVEgDI4cYhPMzct4R3PbZqg17djleUdP","privKey":"KDxKiXjHs3EIX0VO5VTHxRt1hrBO7b01Mcvu+hqEo28="},"lastRemoteEphemeralKey":"BfbKiigQOQ37kZtIz0wpEQ4vTXT0sUpYDEawpU8BeEU3","previousCounter":0,"rootKey":"fR4PaLqp/ROGVbTH5GY2rDkhlq6ePIEodDv/hf40E5g="},"indexInfo":{"baseKey":"BR70oR32xM71pk2nTQ1g764suRii4TfSM7W3+oRKGaoY","baseKeyType":2,"closed":-1,"used":1711067484865,"created":1711067484865,"remoteIdentityKey":"BXok4g/xlliJOz5sfp3UVz0dFn18p/8CXuiHyIDu2kNk"},"_chains":{"BfbKiigQOQ37kZtIz0wpEQ4vTXT0sUpYDEawpU8BeEU3":{"chainKey":{"counter":0,"key":"LXSkWvm1/qeEwXQ4W8S7KyGEcvT5upz4xbPQ0OyQrdc="},"chainType":2,"messageKeys":{}},"BevN0Vt/ADjyxVEgDI4cYhPMzct4R3PbZqg17djleUdP":{"chainKey":{"counter":-1,"key":"hX8nEoSAMylau04Nbz5gYUTKFjeYYfwZ5uaxdWeURZ4="},"chainType":1,"messageKeys":{}}}}},"version":"v1"}