{"_sessions":{"BYI610SBWToBrnjoejAdgiNv3Zv3vJahLlcvVc1RX0lV":{"registrationId":1128482561,"currentRatchet":{"ephemeralKeyPair":{"pubKey":"BXA3Ye2dlvaf5VPMnIDjudiB3XaCSRo/p2YkhlQ6tKAw","privKey":"6Ascfxb6yPuVk8kGl+kHB0/s83jvPhao6gzpQjC7pHo="},"lastRemoteEphemeralKey":"BYxKY6sUBySv+GiS7EqwotxLC1AN35eg0v4/NuIMOox1","previousCounter":1,"rootKey":"yIGQ9XvsG+1MiGU3JRmilqwORlC2e86PthKXe+lerww="},"indexInfo":{"baseKey":"BYI610SBWToBrnjoejAdgiNv3Zv3vJahLlcvVc1RX0lV","baseKeyType":1,"closed":-1,"used":1713321731088,"created":1711442739531,"remoteIdentityKey":"BdDqrRLbc0w/fPJfOOG8pYvlVrP1FdGmdsiCXTHoHMxp"},"_chains":{"BbD0mALWQgDiMBKDDHNlPBxcq0ukaA/SjDMoGiRt+Vd1":{"chainKey":{"counter":0},"chainType":2,"messageKeys":{}},"BYxKY6sUBySv+GiS7EqwotxLC1AN35eg0v4/NuIMOox1":{"chainKey":{"counter":0,"key":"RaZWcpWaTwQXV6N3kfXHMcrYs4mOT9uxC8+hUf3uDzE="},"chainType":2,"messageKeys":{}},"BXA3Ye2dlvaf5VPMnIDjudiB3XaCSRo/p2YkhlQ6tKAw":{"chainKey":{"counter":-1,"key":"YxdvRqLmowXucdrKSCBOWV6neSsFRzycCjhV5enf3jQ="},"chainType":1,"messageKeys":{}}}}},"version":"v1"}