{"_sessions":{"BZHKVxCFIkxXwZnATmVbOuGXdTMJjkdr08T84x8umrgn":{"registrationId":340351588,"currentRatchet":{"ephemeralKeyPair":{"pubKey":"BZL4mtgMrEAmSf1CuRQZr4emvVxr4y2sL5iVhMCnohA8","privKey":"iCBTKFYigTOJRuZbwTLvTqPjtMs69ILfSB8BfbedRVc="},"lastRemoteEphemeralKey":"BSbrYhk/n3Kgj7KmeCKXG+HNh013QhMfEjNkG9yBnx8q","previousCounter":1,"rootKey":"hwx9mUPItjCDuMiovZFOAyxFpZJQAxDGh59iUA++2E8="},"indexInfo":{"baseKey":"BZHKVxCFIkxXwZnATmVbOuGXdTMJjkdr08T84x8umrgn","baseKeyType":2,"closed":-1,"used":1711017896083,"created":1711010955670,"remoteIdentityKey":"BULqszHueJqUUKtIru54TsOWXSM1BUbI73E9H4HgIzog"},"_chains":{"BUlbSTpbZwMZziW7sbVKih8cDPUet4RwAAd7pkl36eNo":{"chainKey":{"counter":0},"chainType":2,"messageKeys":{}},"BS2ePxLjPzhF5+/wEc2dJH03T1OAsf9gcG2pYEDgSj1E":{"chainKey":{"counter":0},"chainType":2,"messageKeys":{}},"BfvnkOcYh/O0hL+GTzw8IIrO9u79P1r6eDGc5OUgkBd6":{"chainKey":{"counter":0},"chainType":2,"messageKeys":{}},"BT7NsMhHkyh46M1Bznz+gLRiqvqRSC0Z4BNa6sE5F/dj":{"chainKey":{"counter":0},"chainType":2,"messageKeys":{}},"Bb1Vt9+0uBh2VOEoHwTc1xoqTqrp1ad4wdU2PTDscZ87":{"chainKey":{"counter":0},"chainType":2,"messageKeys":{}},"BVEUad0BhJHUCkEbjJvFgL3MrT3+Edq48UhwZWkSw0lE":{"chainKey":{"counter":0},"chainType":2,"messageKeys":{}},"Ba7R6nJNl1/ZvmJIsGkgwVmhmMVHZ++OTZp2TUy8eg1h":{"chainKey":{"counter":0},"chainType":2,"messageKeys":{}},"BUeFgGTa6Mfxlwctp0InrmXpeNDe/toD2Atqx0Xpv+lF":{"chainKey":{"counter":0},"chainType":2,"messageKeys":{}},"BUamiJq9oUf7mgcqxfN6KtYeiJgRAel20B7uC3kjyj0V":{"chainKey":{"counter":0},"chainType":2,"messageKeys":{}},"BVon6RphjKV6DFHlRUUx4C3wvOXbG+OHWqv/JrlsNUcM":{"chainKey":{"counter":0},"chainType":2,"messageKeys":{}},"BUNPul6TaYvLx0L3clo0KwT7ymYm4EHsRhBxIyULk5Jk":{"chainKey":{"counter":0},"chainType":2,"messageKeys":{}},"BYIoKdGot75pu/oW1RmLGVvcW3oxG/dGCv80EZOivI8q":{"chainKey":{"counter":1},"chainType":2,"messageKeys":{}},"BUPMmINSVhNsfb+ppUZLzJmtDkRUCq+dBq7CaPYtfjRo":{"chainKey":{"counter":0},"chainType":2,"messageKeys":{}},"BaUuhCjHsXODiCo40rwWS9D+UPKaDAN3FXMHSBjxvhcG":{"chainKey":{"counter":0},"chainType":2,"messageKeys":{}},"BcfIsxMKPycDXa04ETiCFOdJMCE22B3FV4uVUG632qtu":{"chainKey":{"counter":0},"chainType":2,"messageKeys":{}},"BaKKeGl0tzKbbtgSYwTVCGMhWZ2FZUVC6eVoweH8xqI8":{"chainKey":{"counter":0},"chainType":2,"messageKeys":{}},"BfqVF3IALcqyF3g3k5kcXtsFSJtr6fc05qE79krnNNx2":{"chainKey":{"counter":0},"chainType":2,"messageKeys":{}},"BcasCleyy27htoA1SR3m1wKlg0RxQAfDcPLz1u6SNmkc":{"chainKey":{"counter":0},"chainType":2,"messageKeys":{}},"BbSseg2hrxG4E2ovf7CyPi1W+b8S1mL7vmb4bi8pobNM":{"chainKey":{"counter":0},"chainType":2,"messageKeys":{}},"BW6OKlOV1rrVrkKLFgExXup1f72M6/Ed71tOpCP24vo3":{"chainKey":{"counter":0},"chainType":2,"messageKeys":{}},"BTcv/ZnOmPdfdasn2v4wrQrRmNyx51yN7FLPOVb2qWot":{"chainKey":{"counter":0},"chainType":2,"messageKeys":{}},"BeOVYRvli1sNHO3WKghsdvV4JkROTnh/V/FcrsLtCC5m":{"chainKey":{"counter":0},"chainType":2,"messageKeys":{}},"BddVvWXCJRL9McLMThmm35z9cAHR6qDzcbh+0oL3Hq8I":{"chainKey":{"counter":0},"chainType":2,"messageKeys":{}},"BXBWCNl/Le7xi478fp7Y1EIq4c2F0I5lVGlx3DdNJCE/":{"chainKey":{"counter":0},"chainType":2,"messageKeys":{}},"BS7bHkI1I3qVjWKP7eZvpJZZnl9Cwewg1sv8VbmE7ypE":{"chainKey":{"counter":0},"chainType":2,"messageKeys":{}},"BSbrYhk/n3Kgj7KmeCKXG+HNh013QhMfEjNkG9yBnx8q":{"chainKey":{"counter":0,"key":"sSPrLI1loRCYIPjjzhGe2l1dgqklytTNDsaCQLMwqjU="},"chainType":2,"messageKeys":{}},"BZL4mtgMrEAmSf1CuRQZr4emvVxr4y2sL5iVhMCnohA8":{"chainKey":{"counter":0,"key":"9h3XXQ5+Mf8GjwNufSzbE9ljfyMZTtkn1Z/4TO9V3PA="},"chainType":1,"messageKeys":{}}}}},"version":"v1"}