{"_sessions":{"BVgJOWvhYFXcHuO9hB0BYIDicV+xWDO+waoyaGIs46VL":{"registrationId":7429,"currentRatchet":{"ephemeralKeyPair":{"pubKey":"Bbh1N6zPhWWaooPNVReEHuBhv+Z3M2gRRR+bA0xZM50V","privKey":"CL88pprgNkvWb6ocS2GXnTOKjpquUB/dEyJClut982c="},"lastRemoteEphemeralKey":"BUlCwCXc/5p3ev9rh1plJHMoebCVuyLvkfZJWDCHfMgO","previousCounter":0,"rootKey":"GmLDAiz28KQevDYpiIbGAvYJgBnWsa6jt7t/6d83n3Y="},"indexInfo":{"baseKey":"BVgJOWvhYFXcHuO9hB0BYIDicV+xWDO+waoyaGIs46VL","baseKeyType":1,"closed":-1,"used":1712840023357,"created":1712840023357,"remoteIdentityKey":"BUP6vD5Y7nhyIWoBevH56L4Z2WTGYcLAt2eNLLtMCysO"},"_chains":{"Bbh1N6zPhWWaooPNVReEHuBhv+Z3M2gRRR+bA0xZM50V":{"chainKey":{"counter":2755,"key":"AUyLXjNRphT54+36/5Z0vnNe82BD52MZ7a8wrvPFFNA="},"chainType":1,"messageKeys":{}}},"pendingPreKey":{"signedKeyId":1,"baseKey":"BVgJOWvhYFXcHuO9hB0BYIDicV+xWDO+waoyaGIs46VL","preKeyId":165}}},"version":"v1"}