{"_sessions":{"BZTM7pTPsHC3D804Cpb3YAISiJk3cHkj1qDun4PIWnIQ":{"registrationId":45,"currentRatchet":{"ephemeralKeyPair":{"pubKey":"BbrM1GiAbzamkNBOA5I/o3dXAxBQF3r9OTF3fGWrHBUr","privKey":"4Niw5eaAG3zDeq5fK3mUq9/u4+TS9Ut2qBhVAolkx18="},"lastRemoteEphemeralKey":"BfDdQwkIGNS/M6CTA+7CchoiB9OwQOOvcZHWcC5N+PZe","previousCounter":0,"rootKey":"0t6xl2hs4Tieu5uEWd5NYOp6PG8+RKxKq5cosj61y88="},"indexInfo":{"baseKey":"BZTM7pTPsHC3D804Cpb3YAISiJk3cHkj1qDun4PIWnIQ","baseKeyType":1,"closed":1712643260214,"used":1712639503940,"created":1712639503940,"remoteIdentityKey":"BQkuDrq9sYIQxMDyNUtGXPjkNheqiB9Iz3/hFuzsc8BI"},"_chains":{"BbrM1GiAbzamkNBOA5I/o3dXAxBQF3r9OTF3fGWrHBUr":{"chainKey":{"counter":0,"key":"AzYiqE+s9Qu5lVlUh13D2KWbuGRQcgtesrvJS4SVxOI="},"chainType":1,"messageKeys":{}}},"pendingPreKey":{"signedKeyId":1,"baseKey":"BZTM7pTPsHC3D804Cpb3YAISiJk3cHkj1qDun4PIWnIQ","preKeyId":23}},"BTQLvv9HlJ7vErtJ3facTHUc1+Q9Qy/DqwFAo97/Bqxm":{"registrationId":45,"currentRatchet":{"ephemeralKeyPair":{"pubKey":"BX6Y3cCp/e608rTb+I8SgtolnDbyenEq82lHi512sAwG","privKey":"wJh6Y5/cP1cPQBbKM2iz3otMhmPGLnXT2y+6QfNqpmk="},"lastRemoteEphemeralKey":"BfDdQwkIGNS/M6CTA+7CchoiB9OwQOOvcZHWcC5N+PZe","previousCounter":0,"rootKey":"yYf3VePHdRYDMjHM8YgGZ+XNTwBi2/b6Sq5cG/iKgiY="},"indexInfo":{"baseKey":"BTQLvv9HlJ7vErtJ3facTHUc1+Q9Qy/DqwFAo97/Bqxm","baseKeyType":1,"closed":1712643642661,"used":1712643260208,"created":1712643260208,"remoteIdentityKey":"BQkuDrq9sYIQxMDyNUtGXPjkNheqiB9Iz3/hFuzsc8BI"},"_chains":{"BX6Y3cCp/e608rTb+I8SgtolnDbyenEq82lHi512sAwG":{"chainKey":{"counter":0,"key":"ZaOXZ2TEShJYCDA2dJ0gCt2CxfHcJeJSlixqE5R2Ug8="},"chainType":1,"messageKeys":{}}},"pendingPreKey":{"signedKeyId":1,"baseKey":"BTQLvv9HlJ7vErtJ3facTHUc1+Q9Qy/DqwFAo97/Bqxm","preKeyId":13}},"BdiMBCkMcGUXJTMUvyjlg7N94R9toDvj3NgIvP5Cbdsc":{"registrationId":45,"currentRatchet":{"ephemeralKeyPair":{"pubKey":"Bckdux33TWOYwNTpQuEF9gSNUIY48b8kbVBUzLVeF0F0","privKey":"EOD+91DGRhfJhEJcGSxjKWZu/W1FtasEvgEIdwBdTmo="},"lastRemoteEphemeralKey":"BZnBFkr2lSVh6GMCf+39QeWdimTLLjuV0ncs7MxnZ8Iq","previousCounter":0,"rootKey":"k8rx409lHwLzomL81DbLOzF+gEGjzsRItYooLxZEngw="},"indexInfo":{"baseKey":"BdiMBCkMcGUXJTMUvyjlg7N94R9toDvj3NgIvP5Cbdsc","baseKeyType":1,"closed":1712678402720,"used":1712660329730,"created":1712643642658,"remoteIdentityKey":"BQkuDrq9sYIQxMDyNUtGXPjkNheqiB9Iz3/hFuzsc8BI"},"_chains":{"BZnBFkr2lSVh6GMCf+39QeWdimTLLjuV0ncs7MxnZ8Iq":{"chainKey":{"counter":0,"key":"QcXYBw1EjyGm6QbXKFTlkNQWSzE1p0PHkHigKIi6p5E="},"chainType":2,"messageKeys":{}},"Bckdux33TWOYwNTpQuEF9gSNUIY48b8kbVBUzLVeF0F0":{"chainKey":{"counter":-1,"key":"C6U/dTl1ZLtA9JF1rZhFG0QkbOwElByuQX9PNgTtybk="},"chainType":1,"messageKeys":{}}}},"BV/g4TJr1N8QJDupUh6NIEsFivicnwV8yIe5qK1QTsY0":{"registrationId":45,"currentRatchet":{"ephemeralKeyPair":{"pubKey":"BZqWuC/aRSk46OjWhrGBeNS+BVyOoc5Tba1lvSNTAD5g","privKey":"ME5pK2thqaPWxOjw/gGp6B5bm2ZgYxXmDBJIFJ6s2HI="},"lastRemoteEphemeralKey":"Ba6x/1unRZJSd3wz6gF30RHWTNKdo4y6zfUqicupj6gP","previousCounter":0,"rootKey":"2GvgGGPQ+mlGSFETXYxUubnip2YfqsmT4COWVk4+/vo="},"indexInfo":{"baseKey":"BV/g4TJr1N8QJDupUh6NIEsFivicnwV8yIe5qK1QTsY0","baseKeyType":1,"closed":1712678403204,"used":1712678407436,"created":1712678402712,"remoteIdentityKey":"BQkuDrq9sYIQxMDyNUtGXPjkNheqiB9Iz3/hFuzsc8BI"},"_chains":{"Ba6x/1unRZJSd3wz6gF30RHWTNKdo4y6zfUqicupj6gP":{"chainKey":{"counter":1,"key":"ErtGDBjQezZJtcgWUCriOobWMozTkhU7z2E69Vxbv1g="},"chainType":2,"messageKeys":{}},"BZqWuC/aRSk46OjWhrGBeNS+BVyOoc5Tba1lvSNTAD5g":{"chainKey":{"counter":-1,"key":"yJ35nKsCWdJQCmUu6qIIw8uovflXHPiuJZGj3Be4VyM="},"chainType":1,"messageKeys":{}}}},"BZQrigeslRN+X7I0/mZK9t38YHK2lZKAIzgNq5ne7gku":{"registrationId":45,"currentRatchet":{"ephemeralKeyPair":{"pubKey":"BRwt54WPMTl9B6Lkf1jGJ4+asqEf9tnC5NsI1z6HuANj","privKey":"OAY2hlNZOkCQrsZuUvm9RIDOkkwE5OwUjDXSnbbOqVM="},"lastRemoteEphemeralKey":"Ba6x/1unRZJSd3wz6gF30RHWTNKdo4y6zfUqicupj6gP","previousCounter":-1,"rootKey":"xjbghmQzC0ALUK38pVBgAz096EoAJGEdOg1z5bfHEok="},"indexInfo":{"baseKey":"BZQrigeslRN+X7I0/mZK9t38YHK2lZKAIzgNq5ne7gku","baseKeyType":2,"closed":1712723512189,"used":1712678403209,"created":1712678403209,"remoteIdentityKey":"BQkuDrq9sYIQxMDyNUtGXPjkNheqiB9Iz3/hFuzsc8BI"},"_chains":{"BcNORnKc8XeOyEFnFiHl8GdLXBVjXx8UaskccCcbZokT":{"chainKey":{"counter":0},"chainType":2,"messageKeys":{}},"Ba6x/1unRZJSd3wz6gF30RHWTNKdo4y6zfUqicupj6gP":{"chainKey":{"counter":0,"key":"EQoLCSA6IqgogCfIz7OAZpNppKJeaOOnEKLeDWQekSY="},"chainType":2,"messageKeys":{}},"BRwt54WPMTl9B6Lkf1jGJ4+asqEf9tnC5NsI1z6HuANj":{"chainKey":{"counter":-1,"key":"NHdrvYWgRsgPLa8nzJUVJ+RerRNDPr2sK0U2O5SgQJw="},"chainType":1,"messageKeys":{}}}},"BThg3ljeOwKICxU83MS/GXzCqhQfyxhMJZu41ZBAE7tl":{"registrationId":45,"currentRatchet":{"ephemeralKeyPair":{"pubKey":"Bf9y1cTCKqT5MGGfpahAyWBthrsMxTgYf6+VsSpsaVUx","privKey":"oGSq+2TttvhK+S9kwtyTlKxC9X80i4QoxDq1oMFNF1A="},"lastRemoteEphemeralKey":"BfDdQwkIGNS/M6CTA+7CchoiB9OwQOOvcZHWcC5N+PZe","previousCounter":0,"rootKey":"KzcJUJOE/OqbJKYu633wTDwrMis5qL6yEbn81R/OH8s="},"indexInfo":{"baseKey":"BThg3ljeOwKICxU83MS/GXzCqhQfyxhMJZu41ZBAE7tl","baseKeyType":1,"closed":1712723513716,"used":1712723512185,"created":1712723512185,"remoteIdentityKey":"BQkuDrq9sYIQxMDyNUtGXPjkNheqiB9Iz3/hFuzsc8BI"},"_chains":{"Bf9y1cTCKqT5MGGfpahAyWBthrsMxTgYf6+VsSpsaVUx":{"chainKey":{"counter":0,"key":"bfUuptcgyIqTYuzerdUfo2N7mEtxjlQkzs3owwduyRQ="},"chainType":1,"messageKeys":{}}},"pendingPreKey":{"signedKeyId":1,"baseKey":"BThg3ljeOwKICxU83MS/GXzCqhQfyxhMJZu41ZBAE7tl","preKeyId":50}},"BSdeQmYZCqaVEIEoKorP5iNJvhdabtfdMwhZO/JUmLdx":{"registrationId":45,"currentRatchet":{"ephemeralKeyPair":{"pubKey":"BRjTn9c111xBIX5rWE9R6o9iXfNNkqchZRfsXHCVkzYO","privKey":"IBhEODo8nd9jmowVmzlXkdzQvxLA7imFq/sfhIPwTk0="},"lastRemoteEphemeralKey":"BfDdQwkIGNS/M6CTA+7CchoiB9OwQOOvcZHWcC5N+PZe","previousCounter":0,"rootKey":"hBaE9wvP5dJFK53A/h7fiSJJ7im4VO0Xz17Ssoii3dM="},"indexInfo":{"baseKey":"BSdeQmYZCqaVEIEoKorP5iNJvhdabtfdMwhZO/JUmLdx","baseKeyType":1,"closed":1712723514964,"used":1712723513706,"created":1712723513706,"remoteIdentityKey":"BQkuDrq9sYIQxMDyNUtGXPjkNheqiB9Iz3/hFuzsc8BI"},"_chains":{"BRjTn9c111xBIX5rWE9R6o9iXfNNkqchZRfsXHCVkzYO":{"chainKey":{"counter":0,"key":"gv1Ffrxxo8A2ofCW4AFmvLEasdhUUWjBP3TPLKvZB18="},"chainType":1,"messageKeys":{}}},"pendingPreKey":{"signedKeyId":1,"baseKey":"BSdeQmYZCqaVEIEoKorP5iNJvhdabtfdMwhZO/JUmLdx","preKeyId":51}},"BShijdIxngbK/pXGJ+ZiJtUHluJ20wZEB4MBWzAapywJ":{"registrationId":45,"currentRatchet":{"ephemeralKeyPair":{"pubKey":"BcBp55AGVLscjcV2NgTEMNN62qPrs/hEe3sDVV6B8xxw","privKey":"qGLNL2HMnYaP42dbFGtVNZ8Rw0CNnHCBVYyJ+QydL3s="},"lastRemoteEphemeralKey":"BfDdQwkIGNS/M6CTA+7CchoiB9OwQOOvcZHWcC5N+PZe","previousCounter":0,"rootKey":"F/kyx0Wpaevwja3X9V7Z9oMch5VHOo4k1AGQhnCUxss="},"indexInfo":{"baseKey":"BShijdIxngbK/pXGJ+ZiJtUHluJ20wZEB4MBWzAapywJ","baseKeyType":1,"closed":1712723516238,"used":1712723514962,"created":1712723514962,"remoteIdentityKey":"BQkuDrq9sYIQxMDyNUtGXPjkNheqiB9Iz3/hFuzsc8BI"},"_chains":{"BcBp55AGVLscjcV2NgTEMNN62qPrs/hEe3sDVV6B8xxw":{"chainKey":{"counter":0,"key":"e5rLVHgU76/f/rLxaTHmSCYKeFfKJtipd/ctV8StUfY="},"chainType":1,"messageKeys":{}}},"pendingPreKey":{"signedKeyId":1,"baseKey":"BShijdIxngbK/pXGJ+ZiJtUHluJ20wZEB4MBWzAapywJ","preKeyId":54}},"BcuxhRooy88j/K54S+gqjOzjZznmt1PktPEiyLJpxk17":{"registrationId":45,"currentRatchet":{"ephemeralKeyPair":{"pubKey":"BUvmzd7SwyGZ/jNW0LJROtMpKkwadYkoBy7okRqYEXAP","privKey":"CDeT+p8pR4uVghT36Kwal/ulXvSAMNYG21TRd/s1MEA="},"lastRemoteEphemeralKey":"BfDdQwkIGNS/M6CTA+7CchoiB9OwQOOvcZHWcC5N+PZe","previousCounter":0,"rootKey":"38nkLWI3cH+PtJmhEVZIxn20i51n8M8itUluVDeWA78="},"indexInfo":{"baseKey":"BcuxhRooy88j/K54S+gqjOzjZznmt1PktPEiyLJpxk17","baseKeyType":1,"closed":1712723517447,"used":1712723516234,"created":1712723516234,"remoteIdentityKey":"BQkuDrq9sYIQxMDyNUtGXPjkNheqiB9Iz3/hFuzsc8BI"},"_chains":{"BUvmzd7SwyGZ/jNW0LJROtMpKkwadYkoBy7okRqYEXAP":{"chainKey":{"counter":0,"key":"QFVp9YCWDiRVzWiYX/AyfLab4sdEv64MVVENQjzTi6s="},"chainType":1,"messageKeys":{}}},"pendingPreKey":{"signedKeyId":1,"baseKey":"BcuxhRooy88j/K54S+gqjOzjZznmt1PktPEiyLJpxk17","preKeyId":48}},"BSPeofNpRUptCrq4hHBdXosudgzeRq3RKLe1XeuOnU1s":{"registrationId":45,"currentRatchet":{"ephemeralKeyPair":{"pubKey":"BZhSwpM+8fZzz2fvtAJ5VukL4R3uitCJs3T9pvqb/i8s","privKey":"0FatsJeBkQ7BDdkPRIbw86IIpbXlQGRvkbvw2nh7tE0="},"lastRemoteEphemeralKey":"BfDdQwkIGNS/M6CTA+7CchoiB9OwQOOvcZHWcC5N+PZe","previousCounter":0,"rootKey":"vqRAJhRz/I4xyAVVRzLwn4/Sdi+oPifYaF0ioBd7U2g="},"indexInfo":{"baseKey":"BSPeofNpRUptCrq4hHBdXosudgzeRq3RKLe1XeuOnU1s","baseKeyType":1,"closed":1712723575432,"used":1712723517445,"created":1712723517445,"remoteIdentityKey":"BQkuDrq9sYIQxMDyNUtGXPjkNheqiB9Iz3/hFuzsc8BI"},"_chains":{"BZhSwpM+8fZzz2fvtAJ5VukL4R3uitCJs3T9pvqb/i8s":{"chainKey":{"counter":0,"key":"Wm+xVbg0lGnHpUdi5cua/guUnXYICFB0yw+7UWBPcog="},"chainType":1,"messageKeys":{}}},"pendingPreKey":{"signedKeyId":1,"baseKey":"BSPeofNpRUptCrq4hHBdXosudgzeRq3RKLe1XeuOnU1s","preKeyId":73}},"BXCBfXnjtiUazHcjPtsi+ioIDL9s6FtHqjtyc24mLpk3":{"registrationId":45,"currentRatchet":{"ephemeralKeyPair":{"pubKey":"BZL/YB1aemPesLi88TqCH0Nnemaw0dMRNsiN/oJ1HNo7","privKey":"uFyiu5TFAhYAStgX2ZtqAzag/vadverC160Tz3qjpHs="},"lastRemoteEphemeralKey":"BfDdQwkIGNS/M6CTA+7CchoiB9OwQOOvcZHWcC5N+PZe","previousCounter":0,"rootKey":"V8+Zz3fSObbbGZHFDn2UJsnIpowIdRrQP8ZUVppiPOg="},"indexInfo":{"baseKey":"BXCBfXnjtiUazHcjPtsi+ioIDL9s6FtHqjtyc24mLpk3","baseKeyType":1,"closed":1712723576558,"used":1712723575430,"created":1712723575430,"remoteIdentityKey":"BQkuDrq9sYIQxMDyNUtGXPjkNheqiB9Iz3/hFuzsc8BI"},"_chains":{"BZL/YB1aemPesLi88TqCH0Nnemaw0dMRNsiN/oJ1HNo7":{"chainKey":{"counter":0,"key":"kEJR/xnAZsvGyZyNtdo3mI0RYw2gWN/wGN1ZA8eU8nM="},"chainType":1,"messageKeys":{}}},"pendingPreKey":{"signedKeyId":1,"baseKey":"BXCBfXnjtiUazHcjPtsi+ioIDL9s6FtHqjtyc24mLpk3","preKeyId":58}},"BZhS9ZOyTxYNMy0tvY4fZgJj37d9QI057iaACQmVKCda":{"registrationId":45,"currentRatchet":{"ephemeralKeyPair":{"pubKey":"BZXYOg0psoj7j/tUuYp7ulS7OGhv/y/BwUsqNDfcP80t","privKey":"yCToDvmtngDDT1wB6xsiAWjpII5EBeLvSYcK0ddiQHE="},"lastRemoteEphemeralKey":"BfDdQwkIGNS/M6CTA+7CchoiB9OwQOOvcZHWcC5N+PZe","previousCounter":0,"rootKey":"NYhovt9anG2XVoPn7GsQtLU0j+0y8aGqAPtr0RYD73I="},"indexInfo":{"baseKey":"BZhS9ZOyTxYNMy0tvY4fZgJj37d9QI057iaACQmVKCda","baseKeyType":1,"closed":1712723577098,"used":1712723576556,"created":1712723576556,"remoteIdentityKey":"BQkuDrq9sYIQxMDyNUtGXPjkNheqiB9Iz3/hFuzsc8BI"},"_chains":{"BZXYOg0psoj7j/tUuYp7ulS7OGhv/y/BwUsqNDfcP80t":{"chainKey":{"counter":0,"key":"BKeqqgHxjCwOxL4Wz1R8p3er4REHGxSJqQckcvf9Sdg="},"chainType":1,"messageKeys":{}}},"pendingPreKey":{"signedKeyId":1,"baseKey":"BZhS9ZOyTxYNMy0tvY4fZgJj37d9QI057iaACQmVKCda","preKeyId":71}},"BfyzlZIftC1Oh2ffbPf2zOdsNY75pMgXfVxzroqKehxQ":{"registrationId":45,"currentRatchet":{"ephemeralKeyPair":{"pubKey":"BS+iu8RI5NAsPgW85GHvGSnKJVOaM5KCX7hdimSZp3EV","privKey":"CH+fzAjTHG3YtEeOkoFo9c2S7flrxbKHyYGMg7CdH3w="},"lastRemoteEphemeralKey":"BfDdQwkIGNS/M6CTA+7CchoiB9OwQOOvcZHWcC5N+PZe","previousCounter":0,"rootKey":"R98vxChpAFsIToQc4ae4jxshDmHACjmlbD9DfeEUdw4="},"indexInfo":{"baseKey":"BfyzlZIftC1Oh2ffbPf2zOdsNY75pMgXfVxzroqKehxQ","baseKeyType":1,"closed":1712723577643,"used":1712723577097,"created":1712723577097,"remoteIdentityKey":"BQkuDrq9sYIQxMDyNUtGXPjkNheqiB9Iz3/hFuzsc8BI"},"_chains":{"BS+iu8RI5NAsPgW85GHvGSnKJVOaM5KCX7hdimSZp3EV":{"chainKey":{"counter":0,"key":"btQy7M5ULkYyerqU/Mh2GOCWLD1BS6JSCT7aiW2JlG4="},"chainType":1,"messageKeys":{}}},"pendingPreKey":{"signedKeyId":1,"baseKey":"BfyzlZIftC1Oh2ffbPf2zOdsNY75pMgXfVxzroqKehxQ","preKeyId":46}},"BVvd0FV9KB+2t/bbJ/HKpPceMgMRKiWQV4D/k8LycuZP":{"registrationId":45,"currentRatchet":{"ephemeralKeyPair":{"pubKey":"BUQA1v/OTMLQIN95KkzvKFJEKCnwXf9iWx0LDI1zVRQQ","privKey":"oPpVWbNhs+LQpBAQfdb6chFFdjy6gKFYLsnhelfEPmk="},"lastRemoteEphemeralKey":"BfDdQwkIGNS/M6CTA+7CchoiB9OwQOOvcZHWcC5N+PZe","previousCounter":0,"rootKey":"nanXblwa6xXtUD8tZxfooe3ZHeqzVwZAVvCYG5s3/zc="},"indexInfo":{"baseKey":"BVvd0FV9KB+2t/bbJ/HKpPceMgMRKiWQV4D/k8LycuZP","baseKeyType":1,"closed":1712723578216,"used":1712723577640,"created":1712723577640,"remoteIdentityKey":"BQkuDrq9sYIQxMDyNUtGXPjkNheqiB9Iz3/hFuzsc8BI"},"_chains":{"BUQA1v/OTMLQIN95KkzvKFJEKCnwXf9iWx0LDI1zVRQQ":{"chainKey":{"counter":0,"key":"4ENJTxyUnmFSRL7IL5qoihDPHX70KcCWPN+wSepSR9Q="},"chainType":1,"messageKeys":{}}},"pendingPreKey":{"signedKeyId":1,"baseKey":"BVvd0FV9KB+2t/bbJ/HKpPceMgMRKiWQV4D/k8LycuZP","preKeyId":49}},"BbYrJ8Lzyzzc7iYlVbykCflcwMPYhoZDPnfihFgyvJpc":{"registrationId":45,"currentRatchet":{"ephemeralKeyPair":{"pubKey":"BePcj0qJ0h1tVhc8zW7AJhhmXZbmn3xBfjOZKBF5PqpH","privKey":"MOVwMVv6yBJlz0A2G/76a8OkcctM0DcWTLPBJGqV7lc="},"lastRemoteEphemeralKey":"BfDdQwkIGNS/M6CTA+7CchoiB9OwQOOvcZHWcC5N+PZe","previousCounter":0,"rootKey":"HJ7//SwXmIbzsVWKiyszq3jAdwx4HQFhaRa7xMtc2nI="},"indexInfo":{"baseKey":"BbYrJ8Lzyzzc7iYlVbykCflcwMPYhoZDPnfihFgyvJpc","baseKeyType":1,"closed":1712723578785,"used":1712723578214,"created":1712723578214,"remoteIdentityKey":"BQkuDrq9sYIQxMDyNUtGXPjkNheqiB9Iz3/hFuzsc8BI"},"_chains":{"BePcj0qJ0h1tVhc8zW7AJhhmXZbmn3xBfjOZKBF5PqpH":{"chainKey":{"counter":0,"key":"BrgnbKO3zfFFoQLwKFYKlFaymOXcOxwH4nrpSbPITBU="},"chainType":1,"messageKeys":{}}},"pendingPreKey":{"signedKeyId":1,"baseKey":"BbYrJ8Lzyzzc7iYlVbykCflcwMPYhoZDPnfihFgyvJpc","preKeyId":64}},"BWt0BJR+hmb8XNn9ef6I7t6vQDVWI21cDD4/BDoC5yYv":{"registrationId":45,"currentRatchet":{"ephemeralKeyPair":{"pubKey":"BStRMiAELbkq0U8F73/B+nZ5v21h3Uj+jVlTNOhKqOQG","privKey":"kCZbO3Z3IdCMGWsva52n5y1bgabfc+xBVVwy3lDEeFk="},"lastRemoteEphemeralKey":"BfDdQwkIGNS/M6CTA+7CchoiB9OwQOOvcZHWcC5N+PZe","previousCounter":0,"rootKey":"q85crn+4IS0qklNy3pz6iWdLjmmKxKJ1Qc5TXuJbXMk="},"indexInfo":{"baseKey":"BWt0BJR+hmb8XNn9ef6I7t6vQDVWI21cDD4/BDoC5yYv","baseKeyType":1,"closed":1712723579339,"used":1712723578783,"created":1712723578783,"remoteIdentityKey":"BQkuDrq9sYIQxMDyNUtGXPjkNheqiB9Iz3/hFuzsc8BI"},"_chains":{"BStRMiAELbkq0U8F73/B+nZ5v21h3Uj+jVlTNOhKqOQG":{"chainKey":{"counter":0,"key":"8wG/TWR8oFA102IVkVGSXdxEwF0xFEvGT7MQDT2LW8s="},"chainType":1,"messageKeys":{}}},"pendingPreKey":{"signedKeyId":1,"baseKey":"BWt0BJR+hmb8XNn9ef6I7t6vQDVWI21cDD4/BDoC5yYv","preKeyId":62}},"BfgxV47BB3KlQnH632WliZUgcZgIlC0RPI5kh6WGBvBm":{"registrationId":45,"currentRatchet":{"ephemeralKeyPair":{"pubKey":"BTbkuZ7q/Z+sTTH/wIx3i6/z0fYLeuwsi9xD/gqYicoT","privKey":"2B4pLcis94JMfaoQcygOo0+wFXc/r9Qv60N4vt/zBlU="},"lastRemoteEphemeralKey":"BfDdQwkIGNS/M6CTA+7CchoiB9OwQOOvcZHWcC5N+PZe","previousCounter":0,"rootKey":"2vgaxOQ5Y9YJFtUXp1vJmM5niMK8mEBnyjHMUOCcTl4="},"indexInfo":{"baseKey":"BfgxV47BB3KlQnH632WliZUgcZgIlC0RPI5kh6WGBvBm","baseKeyType":1,"closed":1712723583541,"used":1712723579338,"created":1712723579338,"remoteIdentityKey":"BQkuDrq9sYIQxMDyNUtGXPjkNheqiB9Iz3/hFuzsc8BI"},"_chains":{"BTbkuZ7q/Z+sTTH/wIx3i6/z0fYLeuwsi9xD/gqYicoT":{"chainKey":{"counter":0,"key":"X178GgNn805U8PykYHJqzezOjPw/AwRToAXCiPIcNOo="},"chainType":1,"messageKeys":{}}},"pendingPreKey":{"signedKeyId":1,"baseKey":"BfgxV47BB3KlQnH632WliZUgcZgIlC0RPI5kh6WGBvBm","preKeyId":55}},"Ben+1XA81tyNbzCAcqMo982LmGBGAnKRnm4S0G0/Ycd7":{"registrationId":45,"currentRatchet":{"ephemeralKeyPair":{"pubKey":"BfhhpqqiutbIhCL36Zl+6bmI8cE3HhU6OTZNpjazDTUe","privKey":"OLosUZm7vd9i627gxtkpe7RRSH7FmE/BbRg2CVojWno="},"lastRemoteEphemeralKey":"BXSk3jTuN7MSDCrK6yN815Y+8jzlI+NnnHhBRXsYrpQP","previousCounter":0,"rootKey":"mF4GPhMw7qPz7LMdZHjY53HiGBu0I9Ltk5cfXm3tY1w="},"indexInfo":{"baseKey":"Ben+1XA81tyNbzCAcqMo982LmGBGAnKRnm4S0G0/Ycd7","baseKeyType":2,"closed":1712723605664,"used":1712723583544,"created":1712723583544,"remoteIdentityKey":"BQkuDrq9sYIQxMDyNUtGXPjkNheqiB9Iz3/hFuzsc8BI"},"_chains":{"BXSk3jTuN7MSDCrK6yN815Y+8jzlI+NnnHhBRXsYrpQP":{"chainKey":{"counter":3,"key":"ZUt0e8VBK0dZAXrtnudH4osaU7LESDXeSyQqI2uJHdI="},"chainType":2,"messageKeys":{}},"BfhhpqqiutbIhCL36Zl+6bmI8cE3HhU6OTZNpjazDTUe":{"chainKey":{"counter":-1,"key":"bjNS3C5aijNwrxBENdUUDL8dK6b1mEi4pS9lZkFhmK0="},"chainType":1,"messageKeys":{}}}},"BQtXcKNMBCpOSkOmTH4E8QWFX9JcyWsxlJZGOz9muV82":{"registrationId":45,"currentRatchet":{"ephemeralKeyPair":{"pubKey":"BRvX8qLUNNk6VsbFgwE69RBzbQ6R27Z0aVJ3cc1RGIZt","privKey":"CCZekjMewKP2hyq/fO7k+DVoAbyehT0uYdayIWANDWM="},"lastRemoteEphemeralKey":"BVsdx5IxJCg7nT9aagMPyBPlXsN/T8KVnX2mhQpvKF5Q","previousCounter":0,"rootKey":"52Us86GR2eLYUMy5OYrTQlS7eTCPlsaiujfdbhpaV6o="},"indexInfo":{"baseKey":"BQtXcKNMBCpOSkOmTH4E8QWFX9JcyWsxlJZGOz9muV82","baseKeyType":2,"closed":1712723611363,"used":1712723605669,"created":1712723605669,"remoteIdentityKey":"BQkuDrq9sYIQxMDyNUtGXPjkNheqiB9Iz3/hFuzsc8BI"},"_chains":{"BVsdx5IxJCg7nT9aagMPyBPlXsN/T8KVnX2mhQpvKF5Q":{"chainKey":{"counter":0,"key":"3paMEY/pjpf20MLY5/W2NcD/sbkAL2JaSeIwJvYaEt0="},"chainType":2,"messageKeys":{}},"BRvX8qLUNNk6VsbFgwE69RBzbQ6R27Z0aVJ3cc1RGIZt":{"chainKey":{"counter":-1,"key":"a5qTxJIvmEevP3Hqdr/+Cb9gnE3vX54DcedEmoqTrsU="},"chainType":1,"messageKeys":{}}}},"BVY1RjL5gc8NA4gnnrkdhsUjg1yocMfxxQNSwq3mZyoQ":{"registrationId":45,"currentRatchet":{"ephemeralKeyPair":{"pubKey":"BXtp23S83vMrSE/2W1qjZC+euHATbfegqCBbsWeiyTBx","privKey":"EFnwQd/wdefKKYqw+QPiaeEGsmJ8nBB6DUhPyaYI6WE="},"lastRemoteEphemeralKey":"BfDdQwkIGNS/M6CTA+7CchoiB9OwQOOvcZHWcC5N+PZe","previousCounter":0,"rootKey":"eD9c0bP/Hp2VNwcK+XFOVabBrPHgVr0AViUvMLRka3Q="},"indexInfo":{"baseKey":"BVY1RjL5gc8NA4gnnrkdhsUjg1yocMfxxQNSwq3mZyoQ","baseKeyType":1,"closed":1712723612870,"used":1712723611361,"created":1712723611361,"remoteIdentityKey":"BQkuDrq9sYIQxMDyNUtGXPjkNheqiB9Iz3/hFuzsc8BI"},"_chains":{"BXtp23S83vMrSE/2W1qjZC+euHATbfegqCBbsWeiyTBx":{"chainKey":{"counter":0,"key":"m/HGCcvhxiEodoN8r7tJfH+BuUwO9/qXd01PTBYAo+k="},"chainType":1,"messageKeys":{}}},"pendingPreKey":{"signedKeyId":1,"baseKey":"BVY1RjL5gc8NA4gnnrkdhsUjg1yocMfxxQNSwq3mZyoQ","preKeyId":70}},"BUfQtJNwdLdRZf7VlhePBNBRyYHeG/xkqHACZ5pkxgQ4":{"registrationId":45,"currentRatchet":{"ephemeralKeyPair":{"pubKey":"Bem7Aqx8R7rT9jZLDE47vhrZETzQ/XLaM1uRsROKdsIf","privKey":"WBaRMNs37egZN6xlRVhTnznI+xw745pHjr3zPns/aEg="},"lastRemoteEphemeralKey":"BfDdQwkIGNS/M6CTA+7CchoiB9OwQOOvcZHWcC5N+PZe","previousCounter":0,"rootKey":"DX49aBhVnDftF7tJO2RSrr2nTgEGDX7kuOkyXP90n28="},"indexInfo":{"baseKey":"BUfQtJNwdLdRZf7VlhePBNBRyYHeG/xkqHACZ5pkxgQ4","baseKeyType":1,"closed":1712723614204,"used":1712723612863,"created":1712723612863,"remoteIdentityKey":"BQkuDrq9sYIQxMDyNUtGXPjkNheqiB9Iz3/hFuzsc8BI"},"_chains":{"Bem7Aqx8R7rT9jZLDE47vhrZETzQ/XLaM1uRsROKdsIf":{"chainKey":{"counter":0,"key":"VBsMxaBOFTCvusuMOZl4PdhXmfuuhJzn/4JHeOnYc+E="},"chainType":1,"messageKeys":{}}},"pendingPreKey":{"signedKeyId":1,"baseKey":"BUfQtJNwdLdRZf7VlhePBNBRyYHeG/xkqHACZ5pkxgQ4","preKeyId":67}},"BS7G66gj3Nhb8aMIGV62d8gFsGFdFZ1IQOOMYes1rBFJ":{"registrationId":45,"currentRatchet":{"ephemeralKeyPair":{"pubKey":"BXiNKQsmjG3Wy4+SFk7nABk4SjrRhC8zQNoYtYc2DA0Z","privKey":"eNtAFs0JyeIK4KCuyNGVIwkQcqd3kk+F6xCDOnHENmM="},"lastRemoteEphemeralKey":"BfDdQwkIGNS/M6CTA+7CchoiB9OwQOOvcZHWcC5N+PZe","previousCounter":0,"rootKey":"LT+dGi2xBRpG0CB5oW2xYwkWwkc3R3aq49e81eoyh4k="},"indexInfo":{"baseKey":"BS7G66gj3Nhb8aMIGV62d8gFsGFdFZ1IQOOMYes1rBFJ","baseKeyType":1,"closed":1712723615427,"used":1712723614202,"created":1712723614202,"remoteIdentityKey":"BQkuDrq9sYIQxMDyNUtGXPjkNheqiB9Iz3/hFuzsc8BI"},"_chains":{"BXiNKQsmjG3Wy4+SFk7nABk4SjrRhC8zQNoYtYc2DA0Z":{"chainKey":{"counter":0,"key":"6dm77BFxqxHu8Wi57f4uA53iT3k7FmiT4Dsupm+H344="},"chainType":1,"messageKeys":{}}},"pendingPreKey":{"signedKeyId":1,"baseKey":"BS7G66gj3Nhb8aMIGV62d8gFsGFdFZ1IQOOMYes1rBFJ","preKeyId":47}},"BfzyydHCe/VDTwL5oAhsmMmyI7be8N65dfuN26dQbeQ0":{"registrationId":45,"currentRatchet":{"ephemeralKeyPair":{"pubKey":"BfhbrmLyWsmbZa9mUqZdBzU+EbYl6Tg4xdVgxtibEKl5","privKey":"gLKOLYdbMCXC7jZgDhkScy41cGi/wGp3+OizRqSy+l8="},"lastRemoteEphemeralKey":"BfDdQwkIGNS/M6CTA+7CchoiB9OwQOOvcZHWcC5N+PZe","previousCounter":0,"rootKey":"Z5z4UnnVfVnLBEAjrdwxOlgwwdJ+R3rWLowEJa/9fa8="},"indexInfo":{"baseKey":"BfzyydHCe/VDTwL5oAhsmMmyI7be8N65dfuN26dQbeQ0","baseKeyType":1,"closed":1712723617304,"used":1712723615424,"created":1712723615424,"remoteIdentityKey":"BQkuDrq9sYIQxMDyNUtGXPjkNheqiB9Iz3/hFuzsc8BI"},"_chains":{"BfhbrmLyWsmbZa9mUqZdBzU+EbYl6Tg4xdVgxtibEKl5":{"chainKey":{"counter":0,"key":"5zak9D7PgePzNcN8M0lN0azCBfVmS3uDDTjM7Aw5Wkg="},"chainType":1,"messageKeys":{}}},"pendingPreKey":{"signedKeyId":1,"baseKey":"BfzyydHCe/VDTwL5oAhsmMmyI7be8N65dfuN26dQbeQ0","preKeyId":66}},"BWPPWxPDQSL97Q/G265KWx1r49eGg23vOFvo6j6dfsMq":{"registrationId":45,"currentRatchet":{"ephemeralKeyPair":{"pubKey":"BWg2hCXcjcE8NBX/flvmZFw4D04zWAqN0Nb43rdF7c9n","privKey":"aFL+ChGg33ZC9CGdflYxrdDi08tnlDhiBtqm4CKrz2s="},"lastRemoteEphemeralKey":"BfDdQwkIGNS/M6CTA+7CchoiB9OwQOOvcZHWcC5N+PZe","previousCounter":0,"rootKey":"zOFcRBugrdY/ENbB89zqMt4NZfJAazGQ6hgN+dmR47Y="},"indexInfo":{"baseKey":"BWPPWxPDQSL97Q/G265KWx1r49eGg23vOFvo6j6dfsMq","baseKeyType":1,"closed":-1,"used":1712723617302,"created":1712723617302,"remoteIdentityKey":"BQkuDrq9sYIQxMDyNUtGXPjkNheqiB9Iz3/hFuzsc8BI"},"_chains":{"BWg2hCXcjcE8NBX/flvmZFw4D04zWAqN0Nb43rdF7c9n":{"chainKey":{"counter":0,"key":"Rof01a6yKz37MT6/CyrCkYsp/5AmDEbaFMjZadkN2oM="},"chainType":1,"messageKeys":{}}},"pendingPreKey":{"signedKeyId":1,"baseKey":"BWPPWxPDQSL97Q/G265KWx1r49eGg23vOFvo6j6dfsMq","preKeyId":56}}},"version":"v1"}