{"_sessions":{"BfBOnTlkiq2Q5VgwyFnXJsW0RFGKE6Fuau0lZFsd1NFq":{"registrationId":2033025233,"currentRatchet":{"ephemeralKeyPair":{"pubKey":"Beg/7ZCeCAgyAWhT0tdGoa32gJdOhMenFxYN4ca7FgUn","privKey":"KNPx0xa4l/0SDt+sSUWCNcU2E1PKWEAbZzoBUXZR/3c="},"lastRemoteEphemeralKey":"BTZ3lRaCD4k9Gnz66ajo/Vw5UWHyQszI6S7oPJbzeblA","previousCounter":0,"rootKey":"IqAVpCKPZI/JgVjzrtuCcP7D39BdJWhBFv8FoxgaRk4="},"indexInfo":{"baseKey":"BfBOnTlkiq2Q5VgwyFnXJsW0RFGKE6Fuau0lZFsd1NFq","baseKeyType":2,"closed":-1,"used":1713487127429,"created":1713480780193,"remoteIdentityKey":"BQJ1PlwELCd5GsJv1glEB7Wc7OWkBSDF4hMfPvb6sKk7"},"_chains":{"BcjhHgF0rzRnHaaYKNCN7x0jfyFZcH/MpTYeF1Etkb4g":{"chainKey":{"counter":0},"chainType":2,"messageKeys":{}},"BVZeWzzxzuJqJS2Arw+hBC73CadtwUIOxWsRRNDLbr58":{"chainKey":{"counter":0},"chainType":2,"messageKeys":{}},"BcKyaXLUTNJ/Uo+bwLy+QEBaz3Uf4ahPNibDfDWPhn90":{"chainKey":{"counter":0},"chainType":2,"messageKeys":{}},"BXvpm4lhoCxMq6hH12Pr4e1djSqD2mHKnXvq4zGyfs1R":{"chainKey":{"counter":1},"chainType":2,"messageKeys":{}},"BVTpkqRlwWTqHsPkVv4vKUBVcPjLJwZqwx5TVDHyjOp4":{"chainKey":{"counter":0},"chainType":2,"messageKeys":{}},"BTAuDaNxGPStfhTBBDSvesr3QMCVGc4UEHbgwmE3tegV":{"chainKey":{"counter":0},"chainType":2,"messageKeys":{}},"BZyKys2l8wGMfwM/Ftn7NOSudIhNkgnVEZsjcvGgba07":{"chainKey":{"counter":0},"chainType":2,"messageKeys":{}},"BXrsYnFp6+hajJlnKspQZn3vkCzOTHvfGves2fWoFSNz":{"chainKey":{"counter":1},"chainType":2,"messageKeys":{}},"BWH/T/4EcbT74rfv0Qod5E5SMd4M74yE0sWhxEqzT2Ia":{"chainKey":{"counter":0},"chainType":2,"messageKeys":{}},"BWq0jgL9uSd+MltaINDUgo9t4Cjbthr1vIeUZLzRbYZz":{"chainKey":{"counter":1},"chainType":2,"messageKeys":{}},"Bes4QoeDPHNhSoLP1ao/HXoMHYsS9qPhmcT3jh16OwZp":{"chainKey":{"counter":0},"chainType":2,"messageKeys":{}},"BcEEoFfqmCnNmYwYo6WvE12oj0QG+MLW3HJn1rxL6J45":{"chainKey":{"counter":2},"chainType":2,"messageKeys":{}},"BYJC1apc4jdy91bQy7+meYRhICaOzbVqfhNj7BxogUwq":{"chainKey":{"counter":0},"chainType":2,"messageKeys":{}},"BVK1crf3x9BD3zJgqQh060DDEp6fA61JcHXXryLjbNV4":{"chainKey":{"counter":0},"chainType":2,"messageKeys":{}},"BTZ3lRaCD4k9Gnz66ajo/Vw5UWHyQszI6S7oPJbzeblA":{"chainKey":{"counter":0,"key":"5JC2k8KGJSO046fIpx9JZGovXTPF62rsKk2QZHhd4dA="},"chainType":2,"messageKeys":{}},"Beg/7ZCeCAgyAWhT0tdGoa32gJdOhMenFxYN4ca7FgUn":{"chainKey":{"counter":0,"key":"zX+lgDgx69OKb8Bk2H1DCOod3MwkQKMaBZJfTRaIPLo="},"chainType":1,"messageKeys":{}}}}},"version":"v1"}