{"_sessions":{"BZRWONBsFbFdBZ+3bGYAY2ESkF31ZGlELCiKM5938X5/":{"registrationId":185,"currentRatchet":{"ephemeralKeyPair":{"pubKey":"BUNhKXdGH+XV+51/WyJ2g986GGeaZWkl7wpElo4FYvQU","privKey":"kKmpJHyPpMGJ79wNfvPMktA/fn2YZIrm/1PXBhojkEY="},"lastRemoteEphemeralKey":"BWAjpwUOhKj7HEylHG6evXDXFwAr7QghWSE2ISDXF+1h","previousCounter":0,"rootKey":"4sHzR1lYbIaDnClLPMCXCw7/e+lAchqzn9mFJFEbcPo="},"indexInfo":{"baseKey":"BZRWONBsFbFdBZ+3bGYAY2ESkF31ZGlELCiKM5938X5/","baseKeyType":1,"closed":-1,"used":1713243120295,"created":1713243120295,"remoteIdentityKey":"BUtvmXICxbKmKMqIMz/m2eKsCcBdvEK2ck/wfPqXhAQH"},"_chains":{"BUNhKXdGH+XV+51/WyJ2g986GGeaZWkl7wpElo4FYvQU":{"chainKey":{"counter":2,"key":"HMh4JqhyIozNCTPCbHTDPSfirqCsOo6XOfX35KgNlwI="},"chainType":1,"messageKeys":{}}},"pendingPreKey":{"signedKeyId":1,"baseKey":"BZRWONBsFbFdBZ+3bGYAY2ESkF31ZGlELCiKM5938X5/","preKeyId":9}}},"version":"v1"}