{"_sessions":{"BVPtU0F4hRUDKLEelc6+jB7Y/T+72l8MkQWXoonsKTUT":{"registrationId":1995913327,"currentRatchet":{"ephemeralKeyPair":{"pubKey":"BTOfcNE0D71D3NJbVfIywNfxgsOLCvKf52C7m33Ov+hH","privKey":"gF5TD5NAb43BFVM4hQ6XlCTi13mK4RCTQtK8ZH/kQHo="},"lastRemoteEphemeralKey":"BdKp/6qukb57U42JNzkaQlGf/iVTWf5cTqVZS4dX2bFl","previousCounter":0,"rootKey":"ViKvbadPD0VXG+90AGHwPPsAuDflOD3FlCIvI+eEzTs="},"indexInfo":{"baseKey":"BVPtU0F4hRUDKLEelc6+jB7Y/T+72l8MkQWXoonsKTUT","baseKeyType":1,"closed":-1,"used":1712642172925,"created":1712642172925,"remoteIdentityKey":"BbeECnXGQtUzykfB4zcFRyXESRuYHoJWicNXrCPFnX95"},"_chains":{"BTOfcNE0D71D3NJbVfIywNfxgsOLCvKf52C7m33Ov+hH":{"chainKey":{"counter":35,"key":"buguJ+5DBDOTDi4yobIEpDQFqGya6DmpOuXUocySTao="},"chainType":1,"messageKeys":{}}},"pendingPreKey":{"signedKeyId":1,"baseKey":"BVPtU0F4hRUDKLEelc6+jB7Y/T+72l8MkQWXoonsKTUT","preKeyId":838}}},"version":"v1"}