{"_sessions":{"BZT2SjEKr9zGaM7PRW4wmz3OYSxDu9WMOx6NnIrZdC5g":{"registrationId":10885514,"currentRatchet":{"ephemeralKeyPair":{"pubKey":"BTGJjc5SKtEziQmVB69K9dfOztsjlthcC3FGmQRZQWUX","privKey":"QP4NOcdALWCBAXYVFyyZjXDX7aWy+icNnv6C/1gMNHk="},"lastRemoteEphemeralKey":"BfJTXnzElAuNUFaheflmmT/gb1zQO/AQLZlCgLaJwhw1","previousCounter":0,"rootKey":"xDdyn75YDabuNZQXdvTBLGtX0xTU/5W4B9r8mCHpkqE="},"indexInfo":{"baseKey":"BZT2SjEKr9zGaM7PRW4wmz3OYSxDu9WMOx6NnIrZdC5g","baseKeyType":1,"closed":-1,"used":1711159455715,"created":1711159455715,"remoteIdentityKey":"BTjoXvf5jchgaVs1eyyYMEMM4fpmbvZ+uZCPPzbAqwAc"},"_chains":{"BTGJjc5SKtEziQmVB69K9dfOztsjlthcC3FGmQRZQWUX":{"chainKey":{"counter":0,"key":"gog+RUioNj/g1bVmV1ouESlGbF5ET7bB/GeDKVdnP3g="},"chainType":1,"messageKeys":{}}},"pendingPreKey":{"signedKeyId":1,"baseKey":"BZT2SjEKr9zGaM7PRW4wmz3OYSxDu9WMOx6NnIrZdC5g","preKeyId":9892136}}},"version":"v1"}