{"_sessions":{"BaC+YdmNETojutFuXn6ipt+TyESxm4mlM9TsIByA4asi":{"registrationId":92540908,"currentRatchet":{"ephemeralKeyPair":{"pubKey":"Bfj1oZWKB0Kx4JSIfI6YU4EQYjjKNxd2hHX0YHYy69xV","privKey":"aGLzf2qr65lIgAVjEhX9RK22WcfqA1iZ1+zW5IW4YEo="},"lastRemoteEphemeralKey":"BVyTYqEFGQNQww/6nM6dsH4jGniOE6YZMij6SEvGWC1R","previousCounter":0,"rootKey":"02bGLzzLp90nbulMGbJtz+V1U6srLoWooqU4HwWKBD8="},"indexInfo":{"baseKey":"BaC+YdmNETojutFuXn6ipt+TyESxm4mlM9TsIByA4asi","baseKeyType":2,"closed":-1,"used":1711058743852,"created":1711058743852,"remoteIdentityKey":"BbmzoJjJMBh1DxLEgK+dYGC4BdCAjClXCLyppTtg6joR"},"_chains":{"BVyTYqEFGQNQww/6nM6dsH4jGniOE6YZMij6SEvGWC1R":{"chainKey":{"counter":0,"key":"MpEyI30kfQYtE3MPAp+bfZ5fIMbvEOx9sAFmfyuOg7k="},"chainType":2,"messageKeys":{}},"Bfj1oZWKB0Kx4JSIfI6YU4EQYjjKNxd2hHX0YHYy69xV":{"chainKey":{"counter":0,"key":"HK/knxt05vwhTfmvscKsfnm8wvuDazNwQGvKQGnJjOo="},"chainType":1,"messageKeys":{}}}}},"version":"v1"}