{"_sessions":{"BVXLOjqHy82Zc6QWu2h1I3ZISx0MBXxLyA/NzqwaZMlO":{"registrationId":1057436730,"currentRatchet":{"ephemeralKeyPair":{"pubKey":"BYPjbcN8t67fzvmBMyyGgRRwUs1u6AACTnn4qsbo5GJa","privKey":"yBZDQ1b7UjL+RiZ0QviwoRnna+idIYlkNStClog2TVg="},"lastRemoteEphemeralKey":"BXeZoXKQfmQYLd9nQvFtn4hXC0DwvB51KjXBthSJbzgN","previousCounter":0,"rootKey":"MsEgvZZ3tEdmPBTBuGtFWgLXpIVRPjjWnLiO71+6hkA="},"indexInfo":{"baseKey":"BVXLOjqHy82Zc6QWu2h1I3ZISx0MBXxLyA/NzqwaZMlO","baseKeyType":2,"closed":-1,"used":1712402074804,"created":1712402015371,"remoteIdentityKey":"BcDYLtZplDH6tlsjZTD1oWNf/D44j+taLMip6CW4/nAc"},"_chains":{"BbZuMydTPUB+9CU4UnSdy4jfiBaBAKqPSUd4PqdU2oht":{"chainKey":{"counter":7},"chainType":2,"messageKeys":{"0":"RvuRmQIISoaSm55obp2buvTAm7v0KiHPsYmhJAzXbcI=","1":"HHXGktYnKnLZR7PrJdyNeSOWAlKAz6N0MUOEZRLowWc=","2":"Gc0g+59KcLxT22mYp4qBveGiorWf55Vj9thXDjTGfNU=","3":"FsHWCbc6YeCaUzN1r3z3yh0m6hX/NYDaW9rOEPhvnlA=","4":"+ChcV4EsOQp42Yp6Zw8W6VpuXm6qnQtY6mSW1EyTwhI=","5":"aSg0QS+iV01eXDiWQgfG5HrrxIv/RzTfG4NDkMM4rzc="}},"BWh4Glgo9kPi8fegkuxYugRnOWOTsUHfjystg9T/2thc":{"chainKey":{"counter":0},"chainType":2,"messageKeys":{}},"BZr+G5CHdy02sZ4/4/C3osg7eGaWOIqtDpGEie1cJnRv":{"chainKey":{"counter":0},"chainType":2,"messageKeys":{}},"BTODPZRLLoYdBpw/+HrBmaFAXlKqfrXclw3YsWSoN7VZ":{"chainKey":{"counter":0},"chainType":2,"messageKeys":{}},"BXeZoXKQfmQYLd9nQvFtn4hXC0DwvB51KjXBthSJbzgN":{"chainKey":{"counter":1,"key":"tkUFezTtt3XE+TnVItUwn5Ei7TARcbGMGeVVyXXjvdQ="},"chainType":2,"messageKeys":{}},"BYPjbcN8t67fzvmBMyyGgRRwUs1u6AACTnn4qsbo5GJa":{"chainKey":{"counter":0,"key":"BU3xgyN0NtXhl0hCwUwlXYZLBmTXA8fMDnSF7ZB6UOk="},"chainType":1,"messageKeys":{}}}}},"version":"v1"}