{"_sessions":{"Bfywx3t4KstKNXvApAen/g43+vlWgI7DTqzLCEaiqjoJ":{"registrationId":118,"currentRatchet":{"ephemeralKeyPair":{"pubKey":"BaKAwURuaDtkJC8Te3OnBaX24YDWn1VSSNzcJYMo19wo","privKey":"aOV/R4YZQ6NAi/+sYTem8JuH3Wfp/tn0WRlvpHOl4HI="},"lastRemoteEphemeralKey":"BZzLVd6KltWuHMNJUgamlUz+Lc69iTs6ioXbeqJT268j","previousCounter":0,"rootKey":"vgtfr+2eQRSNbhJv3Hm3i8VlnTk3JBNqzlsFsZQgT/g="},"indexInfo":{"baseKey":"Bfywx3t4KstKNXvApAen/g43+vlWgI7DTqzLCEaiqjoJ","baseKeyType":1,"closed":1711010957132,"used":1711010957032,"created":1711010957032,"remoteIdentityKey":"BSYH7bRVdK+BDglmUDeRV0qBf6Y7TgwS6Ook27q2XIcq"},"_chains":{"BaKAwURuaDtkJC8Te3OnBaX24YDWn1VSSNzcJYMo19wo":{"chainKey":{"counter":0,"key":"2p5Wo1IkfvRKqddJ5v4lG/E1hAX6RM3ayC0xlB2xcjY="},"chainType":1,"messageKeys":{}}},"pendingPreKey":{"signedKeyId":1,"baseKey":"Bfywx3t4KstKNXvApAen/g43+vlWgI7DTqzLCEaiqjoJ"}},"BQkwKYkulphEjefIdKbBBnE1A6638pvuMwm8xXaL55ok":{"registrationId":118,"currentRatchet":{"ephemeralKeyPair":{"pubKey":"Ba9tyAJiSdSAB+H8sCP49+L0OtLeiJhfJtOv3reKg9hF","privKey":"8K5KRJmPoF2QE0B8kFyRkvEEvjBGBZc0eCKUN4XHaV0="},"lastRemoteEphemeralKey":"BZzLVd6KltWuHMNJUgamlUz+Lc69iTs6ioXbeqJT268j","previousCounter":0,"rootKey":"KW/BVyZW/VwXGy8sVbuVAhV5VZbL2l8Wz5P2a6oKL+A="},"indexInfo":{"baseKey":"BQkwKYkulphEjefIdKbBBnE1A6638pvuMwm8xXaL55ok","baseKeyType":1,"closed":-1,"used":1711010957109,"created":1711010957109,"remoteIdentityKey":"BSYH7bRVdK+BDglmUDeRV0qBf6Y7TgwS6Ook27q2XIcq"},"_chains":{"Ba9tyAJiSdSAB+H8sCP49+L0OtLeiJhfJtOv3reKg9hF":{"chainKey":{"counter":56,"key":"7nHp9NPT3ojiDgCIVLiSCdoEOkl5oVOppHpCdv0zKSQ="},"chainType":1,"messageKeys":{}}},"pendingPreKey":{"signedKeyId":1,"baseKey":"BQkwKYkulphEjefIdKbBBnE1A6638pvuMwm8xXaL55ok"}}},"version":"v1"}