{"_sessions":{"BZktM86Uc0u8JUSPTXLP5lJf91bgGFb5kpQWAio9mJ13":{"registrationId":1515050020,"currentRatchet":{"ephemeralKeyPair":{"pubKey":"Bczi3+MkCqRotIg8IiSqyzkSICWRzZSq+CQFlCbVUvIR","privKey":"ANFOuz8/boyNTyaHhsqVZol2gntEIeQun9SngDA0q0A="},"lastRemoteEphemeralKey":"BYnmQbSuZWrJExXSYvgIxaxcajebDtAEpZd4bCOq8sVw","previousCounter":0,"rootKey":"IeYUwzoT5ZquBtY/Juc1EgnH7hG64MXfm1H7D/RmaM4="},"indexInfo":{"baseKey":"BZktM86Uc0u8JUSPTXLP5lJf91bgGFb5kpQWAio9mJ13","baseKeyType":2,"closed":1711124769987,"used":1711124769085,"created":1711124769085,"remoteIdentityKey":"BZ+iZOf702w07G/8v39CrlAQ1dRPSGFif8y1eYNF1OFt"},"_chains":{"BYnmQbSuZWrJExXSYvgIxaxcajebDtAEpZd4bCOq8sVw":{"chainKey":{"counter":1,"key":"gVUG8HgFsCgCBpu8MLi1AD8uQ0L/da3pfcK3PXjCnUY="},"chainType":2,"messageKeys":{}},"Bczi3+MkCqRotIg8IiSqyzkSICWRzZSq+CQFlCbVUvIR":{"chainKey":{"counter":-1,"key":"XFbYbT1SyiOpCrjOhBq55TLhe71OHg0ULlSUqEqgJ8k="},"chainType":1,"messageKeys":{}}}},"BaUY3aBp/ictPE3oyU2Hq18iya8zCfYBvs4UYnlgSrE/":{"registrationId":1515050020,"currentRatchet":{"ephemeralKeyPair":{"pubKey":"BVtuX0p70hJ4lPMIGScK1SBBNdgnoLOBCu5caPOs6D1h","privKey":"yMRP9+18FVdIkMVaeqUg5fI1eXokYlmAR3cI+HUhOlk="},"lastRemoteEphemeralKey":"BQZLSX5oWQQ5mig5nIG7629sNnWBsjSO/tD2si67+TIq","previousCounter":2,"rootKey":"nlqwcy6u8C40dgTL12mjyNq5ew1Qavo3uJvpAaA6HyU="},"indexInfo":{"baseKey":"BaUY3aBp/ictPE3oyU2Hq18iya8zCfYBvs4UYnlgSrE/","baseKeyType":2,"closed":-1,"used":1711128575970,"created":1711124769991,"remoteIdentityKey":"BZ+iZOf702w07G/8v39CrlAQ1dRPSGFif8y1eYNF1OFt"},"_chains":{"BRZdwlhSeZnQZnmZ1IS32KioSjt7kAnlxw1d986eO39m":{"chainKey":{"counter":0},"chainType":2,"messageKeys":{}},"BQZLSX5oWQQ5mig5nIG7629sNnWBsjSO/tD2si67+TIq":{"chainKey":{"counter":0,"key":"KZkQ4k+bboLXyxcDWMsx/3XmRCFdJ+r/R4OT4oL1pYs="},"chainType":2,"messageKeys":{}},"BVtuX0p70hJ4lPMIGScK1SBBNdgnoLOBCu5caPOs6D1h":{"chainKey":{"counter":4,"key":"RTohAPHUAxqq5RwtnwdjaEsQFd1CXV5mhlDYqy7OPSY="},"chainType":1,"messageKeys":{}}}}},"version":"v1"}