{"_sessions":{"BS4mmZYXajUCfXIIevDxvxn1Eu78tyGwkk8TD54f7yRw":{"registrationId":241,"currentRatchet":{"ephemeralKeyPair":{"pubKey":"BU7eAEJIQYPlDRX8lL6HkrXxLw7Tb8JfH/cD3s/aK4QY","privKey":"6C+l8y3uXZg5hoagG575/NC9+xZ0yDewNiT9YLunAHk="},"lastRemoteEphemeralKey":"BdETDORZvcNZNeGD1KWuWbU81ITygBTFzuUKkzneSx0y","previousCounter":0,"rootKey":"8nakOX53DqCRxxI9BR03147PQ34HotBBPTda6ToL6Eo="},"indexInfo":{"baseKey":"BS4mmZYXajUCfXIIevDxvxn1Eu78tyGwkk8TD54f7yRw","baseKeyType":1,"closed":1711010957129,"used":1711010957028,"created":1711010957028,"remoteIdentityKey":"BWndyCtSBbBP0bwIoHx3tQnipFKWjy25nDL5tmAtVvoI"},"_chains":{"BU7eAEJIQYPlDRX8lL6HkrXxLw7Tb8JfH/cD3s/aK4QY":{"chainKey":{"counter":0,"key":"giq4CCmjJxkzSBYxTSxFbIOkB+LY3504SSWt7Zd1HTI="},"chainType":1,"messageKeys":{}}},"pendingPreKey":{"signedKeyId":1,"baseKey":"BS4mmZYXajUCfXIIevDxvxn1Eu78tyGwkk8TD54f7yRw"}},"BTQuy2bPD/XUFSjLbTpqL5YW51rBS59yXe9czgJOrPov":{"registrationId":241,"currentRatchet":{"ephemeralKeyPair":{"pubKey":"BTYeChKZkIep4ZtvefLzJFiFtZ04X2Lpbz4IOvXAr+4M","privKey":"iOi9C5o9NVe+GsziFWEMyNM9w+cbwvMX5QKA9tsbrGQ="},"lastRemoteEphemeralKey":"BdETDORZvcNZNeGD1KWuWbU81ITygBTFzuUKkzneSx0y","previousCounter":0,"rootKey":"A3FvYQWO0nRgiDZmYk6QJT/QbYXPEUxxIPtNxBFuU+8="},"indexInfo":{"baseKey":"BTQuy2bPD/XUFSjLbTpqL5YW51rBS59yXe9czgJOrPov","baseKeyType":1,"closed":-1,"used":1711010957104,"created":1711010957104,"remoteIdentityKey":"BWndyCtSBbBP0bwIoHx3tQnipFKWjy25nDL5tmAtVvoI"},"_chains":{"BTYeChKZkIep4ZtvefLzJFiFtZ04X2Lpbz4IOvXAr+4M":{"chainKey":{"counter":56,"key":"+mBx8FXPNRXwULLmLTUhEgHPi15/Nngej2f9zc6trv4="},"chainType":1,"messageKeys":{}}},"pendingPreKey":{"signedKeyId":1,"baseKey":"BTQuy2bPD/XUFSjLbTpqL5YW51rBS59yXe9czgJOrPov"}}},"version":"v1"}