{"_sessions":{"BZG75yqp7gmBOEsIIF8LeTVpIf/8qDlByEYbXU6wXvpw":{"registrationId":1095217747,"currentRatchet":{"ephemeralKeyPair":{"pubKey":"BXiEezWBvTLJTNswwZSZjT74X1OTuRGnw9jfdKC9bAIy","privKey":"MCU4UA+SlHFIXeLoReV0wb7lr3MmcOGswO+KAuRNtGU="},"lastRemoteEphemeralKey":"BSvkM6UdU3GTwZFn2/GxkT7he5hpbdoPagvl56hpoE15","previousCounter":0,"rootKey":"SQ7ji6BqK/7sWBu8uSPtdvSwOeEo+Mjh2W9R6Fc7mRM="},"indexInfo":{"baseKey":"BZG75yqp7gmBOEsIIF8LeTVpIf/8qDlByEYbXU6wXvpw","baseKeyType":2,"closed":-1,"used":1711188384524,"created":1711188384524,"remoteIdentityKey":"BRS2PkTceTF643oQZCJmAntfNpJ3ElMQBY8jFDigR3Bs"},"_chains":{"BSvkM6UdU3GTwZFn2/GxkT7he5hpbdoPagvl56hpoE15":{"chainKey":{"counter":0,"key":"sNWKIUZMn6RuY0chFqGmtPQvCirXFMReNyMOsoXK3ZY="},"chainType":2,"messageKeys":{}},"BXiEezWBvTLJTNswwZSZjT74X1OTuRGnw9jfdKC9bAIy":{"chainKey":{"counter":0,"key":"x7lROnHNC5feVPQdru/UAXeLpT3Ur0hg+waVv2tahOA="},"chainType":1,"messageKeys":{}}}}},"version":"v1"}