{"_sessions":{"BQ4u2FnBC0NYE8lFDNOKyjYfPAQiGqav7w1hL9B9TJ9Y":{"registrationId":197483626,"currentRatchet":{"ephemeralKeyPair":{"pubKey":"BZ3sSVfXDzaCCmNdEFVC/U1es5EP7Rt32p2HVH9Zlwlv","privKey":"EBdV1AIndV5rlDJMWR/OJZTTWmOzgVWyIEmZ+R9cqUs="},"lastRemoteEphemeralKey":"BVbPQRx+HE7NnCjrZU4CHurzoLzFkReAIrfJuMxGc3xK","previousCounter":0,"rootKey":"y7YvRiNuZtCfQOX8zNQrns0YJXsXCLSitbVXNH2hg2M="},"indexInfo":{"baseKey":"BQ4u2FnBC0NYE8lFDNOKyjYfPAQiGqav7w1hL9B9TJ9Y","baseKeyType":2,"closed":-1,"used":1712602493814,"created":1712602378192,"remoteIdentityKey":"BUeHG0l65ZifQF6bHfYkMZfgkwe6MW0wjsvrgTXh8fAY"},"_chains":{"BWIYOPExbhPpdCzhqSmDVSZ0ka2QXno4ywPLHoHK0ck2":{"chainKey":{"counter":0},"chainType":2,"messageKeys":{}},"BY2W1hTv2xfmnYTfhYdHZ0mXp0F06BCjSQ51gkcWowsy":{"chainKey":{"counter":0},"chainType":2,"messageKeys":{}},"BdA8aPDiPXJ0mPbslqCYlItu3m6BTlIpB5BkSClklLZn":{"chainKey":{"counter":0},"chainType":2,"messageKeys":{}},"BVHIWSOIYlonTf2rvhmkJbZovkO+rLFsMXjh/hTYJWZ2":{"chainKey":{"counter":0},"chainType":2,"messageKeys":{}},"BU6Gp7pjttXl4qfnJ+8HDhBbiLAeiMCub0VCb1agr34m":{"chainKey":{"counter":0},"chainType":2,"messageKeys":{}},"BXvb/7M4yLgS1AJ7svkt/9S+aMfEnQ7Gsxy22Q2aySBk":{"chainKey":{"counter":0},"chainType":2,"messageKeys":{}},"BT8CE307oktndbbhk7ETI3uUM3z/5hkzxQ96resdC60o":{"chainKey":{"counter":0},"chainType":2,"messageKeys":{}},"BbQGl2iWZCUeazZSDJQIFIS4LoiqRbAdaaTOMukJj18M":{"chainKey":{"counter":0},"chainType":2,"messageKeys":{}},"BdljcQh5QyUfUl9iFPT3CRachq/0OxBZTGgrmKMa0hkK":{"chainKey":{"counter":0},"chainType":2,"messageKeys":{}},"BUCWa9chpzfrYMxICfrC4YDqD3AicZRy0r/Bp1d/60YN":{"chainKey":{"counter":0},"chainType":2,"messageKeys":{}},"BT2q1OK4ivHMzLBcEm/nvYgXfJrBN4XQaThp561EFd5d":{"chainKey":{"counter":0},"chainType":2,"messageKeys":{}},"BTRhCJ3yCiB7zxPziEXbfJO4zxpyAx04xRtMp5YsZa87":{"chainKey":{"counter":0},"chainType":2,"messageKeys":{}},"BfULFVMz09VWErAjwulC/qFhKdk2T3LjXeE49TtXhcIr":{"chainKey":{"counter":0},"chainType":2,"messageKeys":{}},"BVbPQRx+HE7NnCjrZU4CHurzoLzFkReAIrfJuMxGc3xK":{"chainKey":{"counter":0,"key":"FLLvrEU3xpKH2Umdeg7+7xRmfBBA55I3WOAWn8MdlUc="},"chainType":2,"messageKeys":{}},"BZ3sSVfXDzaCCmNdEFVC/U1es5EP7Rt32p2HVH9Zlwlv":{"chainKey":{"counter":0,"key":"JSNDEaw6moR7gTGqJd46Ro7HSm8CBAcQ87EuSEWtqyU="},"chainType":1,"messageKeys":{}}}}},"version":"v1"}