{"_sessions":{"BTVFQ7+ew6SQ6nk/npmO7e68pjXvTw672fsS1Gg+F5pn":{"registrationId":117,"currentRatchet":{"ephemeralKeyPair":{"pubKey":"BbkKPaoONlarjllmJD45SLbukeZIXxFH98x6QLP/ka5T","privKey":"mODBKBxun7DRhM/gQkMIw5pZKjiF1g/inkXhK9/8GlQ="},"lastRemoteEphemeralKey":"BaIRk3Fzbm0t5PhfiXBmP5HwgNrsrhyNZgwt8eH4SJYV","previousCounter":0,"rootKey":"xTOSkOeO9FAcAg6TCPh/gAS5bsU9D5rU/Wu0YXVwTQQ="},"indexInfo":{"baseKey":"BTVFQ7+ew6SQ6nk/npmO7e68pjXvTw672fsS1Gg+F5pn","baseKeyType":2,"closed":1711313186137,"used":1711313185864,"created":1711313185864,"remoteIdentityKey":"BQL7vzmeYjkdeYtwpPFb2HIPsQQem3eXFW8sigWvaoUK"},"_chains":{"BaIRk3Fzbm0t5PhfiXBmP5HwgNrsrhyNZgwt8eH4SJYV":{"chainKey":{"counter":0,"key":"KB4tDqxYCiX6F+0mkXu06Y2IDVSD0kz3rY9w86tu7P8="},"chainType":2,"messageKeys":{}},"BbkKPaoONlarjllmJD45SLbukeZIXxFH98x6QLP/ka5T":{"chainKey":{"counter":-1,"key":"IMZGybJwUxSyM6cvFBc3QwTSP00A3oQZBH3ndHyCCW0="},"chainType":1,"messageKeys":{}}}},"BdSeBT3ha5HO0Czy56cEzGhVgC694FuzY68gSixwxUZL":{"registrationId":117,"currentRatchet":{"ephemeralKeyPair":{"pubKey":"BRYHJdZLxC+pfjwfiRsr6/ddugMWqyhkEWSzQqQwWqgF","privKey":"KDGzngPlx6fzN/Gk/+oXHuaDdsZKWfJIspNslTkJD3s="},"lastRemoteEphemeralKey":"BcKyisLKFgGiS9MjvstxDHI+QdSv4z8ptyiOhGBh/y0p","previousCounter":0,"rootKey":"83qYO8tr2sO0wzWmOxjcvyF17uemUIT25KUTriibErw="},"indexInfo":{"baseKey":"BdSeBT3ha5HO0Czy56cEzGhVgC694FuzY68gSixwxUZL","baseKeyType":1,"closed":-1,"used":1711313209281,"created":1711313186126,"remoteIdentityKey":"BQL7vzmeYjkdeYtwpPFb2HIPsQQem3eXFW8sigWvaoUK"},"_chains":{"BcKyisLKFgGiS9MjvstxDHI+QdSv4z8ptyiOhGBh/y0p":{"chainKey":{"counter":1,"key":"L+mn9UI0VEO6z3AcDlrJ1KaSLPvjP6inDF2eACdLGUU="},"chainType":2,"messageKeys":{}},"BRYHJdZLxC+pfjwfiRsr6/ddugMWqyhkEWSzQqQwWqgF":{"chainKey":{"counter":-1,"key":"AR2/QTxqm1rStQcX5Q5CMHrdNMLBypTLl/lCJcY3Cxo="},"chainType":1,"messageKeys":{}}}}},"version":"v1"}