{"_sessions":{"BUxxGPgYceR+VsEaJszC1e0cPKmQL/Dm1VfWfdbely1K":{"registrationId":1643260521,"currentRatchet":{"ephemeralKeyPair":{"pubKey":"BSbJTeOQjOx9WsfXB1lsWWAgQuWDc1iMQjgwLenCelYf","privKey":"EI9RwAJqUkOGuHbc50lkZ4snhJlnol9K3Xgrro74Z3c="},"lastRemoteEphemeralKey":"BUIyyinB/PVooORj8YsCVb9hlG/Nt7TXLGLtpg47h/Vg","previousCounter":0,"rootKey":"v4jlXIsid4ybAc19GP3lK+nFKV/VpHM1rhpzCbMVfNc="},"indexInfo":{"baseKey":"BUxxGPgYceR+VsEaJszC1e0cPKmQL/Dm1VfWfdbely1K","baseKeyType":2,"closed":-1,"used":1712406441497,"created":1712406413148,"remoteIdentityKey":"BRMLPdfifnV8mQ6AujiH2RS35YY7O009rj7U7eDHYIAq"},"_chains":{"BX6QS0Hrk5YtFkF1lGsj0dZjflWwNmXpNmk9IVk3rcp1":{"chainKey":{"counter":0},"chainType":2,"messageKeys":{}},"BUIyyinB/PVooORj8YsCVb9hlG/Nt7TXLGLtpg47h/Vg":{"chainKey":{"counter":0,"key":"9Ach72NVeK3UFFF/gAi50EclrU83DS4s0Mab7FhqJiU="},"chainType":2,"messageKeys":{}},"BSbJTeOQjOx9WsfXB1lsWWAgQuWDc1iMQjgwLenCelYf":{"chainKey":{"counter":-1,"key":"VMQyxur6ozpGhB4ORWS8ZEZsOSIzjSMoNC1ysMAtl/8="},"chainType":1,"messageKeys":{}}}}},"version":"v1"}