[
   {
      "id": "120363205718955236@g.us",
      "key": "Mlbb",
      "response": "140 Harga 15.0000\n200 harga 60.0000",
      "isImage": false,
      "image_url": "-"
   },
   {
      "id": "120363205718955236@g.us",
      "key": "TEST@HAI",
      "isImage": false,
      "image_url": "-"
   },
   {
      "id": "120363205718955236@g.us",
      "key": "tayo@INI",
      "response": "APA",
      "isImage": false,
      "image_url": "-"
   },
   {
      "id": "120363205718955236@g.us",
      "key": "test@testjgg",
      "isImage": false,
      "image_url": "-"
   }
]