[{"product_name":"Bpjs Ketenagakerjaan Bukan Penerima Upah","category":"Pascabayar","brand":"BPJS KETENAGAKERJAAN","seller_name":"Lucky 7 Cell","admin":2500,"commission":975,"buyer_sku_code":"BPJSKBPU","buyer_product_status":true,"seller_product_status":true,"desc":"-"},{"product_name":"Bpjs Kesehatan","category":"Pascabayar","brand":"BPJS KESEHATAN","seller_name":"Lucky 7 Cell","admin":2500,"commission":1125,"buyer_sku_code":"BPJSKES","buyer_product_status":true,"seller_product_status":true,"desc":"-"},{"product_name":"Bpjs Ketenagakerjaan Penerima Upah","category":"Pascabayar","brand":"BPJS KETENAGAKERJAAN","seller_name":"Lucky 7 Cell","admin":2500,"commission":975,"buyer_sku_code":"BPJSKPU","buyer_product_status":true,"seller_product_status":true,"desc":"-"},{"product_name":"CBN","category":"Pascabayar","brand":"INTERNET PASCABAYAR","seller_name":"Lucky 7 Cell","admin":0,"commission":3475,"buyer_sku_code":"CBN","buyer_product_status":true,"seller_product_status":true,"desc":"-"},{"product_name":"Dana Bebas Nominal","category":"Pascabayar","brand":"E-MONEY","seller_name":"Lucky 7 Cell","admin":1500,"commission":400,"buyer_sku_code":"DNB","buyer_product_status":true,"seller_product_status":true,"desc":"-"},{"product_name":"Gas Negara","category":"Pascabayar","brand":"GAS NEGARA","seller_name":"Lucky 7 Cell","admin":2500,"commission":475,"buyer_sku_code":"GASNEGARA","buyer_product_status":true,"seller_product_status":true,"desc":"-"},{"product_name":"Gopay Bebas Nominal","category":"Pascabayar","brand":"E-MONEY","seller_name":"Lucky 7 Cell","admin":1500,"commission":300,"buyer_sku_code":"GPB","buyer_product_status":true,"seller_product_status":true,"desc":"-"},{"product_name":"Halo Postpaid","category":"Pascabayar","brand":"HP PASCABAYAR","seller_name":"PT GLOBAL PAYMENT INDONESIA","admin":2500,"commission":2400,"buyer_sku_code":"HPPASCA1","buyer_product_status":true,"seller_product_status":true,"desc":"-"},{"product_name":"Matrix","category":"Pascabayar","brand":"HP PASCABAYAR","seller_name":"PT GLOBAL PAYMENT INDONESIA","admin":2500,"commission":2400,"buyer_sku_code":"HPPASCA2","buyer_product_status":true,"seller_product_status":true,"desc":"-"},{"product_name":"Smartfren Postpaid","category":"Pascabayar","brand":"HP PASCABAYAR","seller_name":"PT GLOBAL PAYMENT INDONESIA","admin":3000,"commission":1400,"buyer_sku_code":"HPPASCA3","buyer_product_status":true,"seller_product_status":true,"desc":"-"},{"product_name":"Telkom","category":"Pascabayar","brand":"HP PASCABAYAR","seller_name":"PT GLOBAL PAYMENT INDONESIA","admin":2500,"commission":1450,"buyer_sku_code":"HPPASCA4","buyer_product_status":true,"seller_product_status":true,"desc":"-"},{"product_name":"Three Postpaid","category":"Pascabayar","brand":"HP PASCABAYAR","seller_name":"PT GLOBAL PAYMENT INDONESIA","admin":3000,"commission":1400,"buyer_sku_code":"HPPASCA5","buyer_product_status":true,"seller_product_status":true,"desc":"-"},{"product_name":"XL Postpaid","category":"Pascabayar","brand":"HP PASCABAYAR","seller_name":"PT GLOBAL PAYMENT INDONESIA","admin":2500,"commission":2400,"buyer_sku_code":"HPPASCA6","buyer_product_status":true,"seller_product_status":true,"desc":"-"},{"product_name":"Iconnet","category":"Pascabayar","brand":"INTERNET PASCABAYAR","seller_name":"Lucky 7 Cell","admin":3500,"commission":875,"buyer_sku_code":"Iconnet","buyer_product_status":true,"seller_product_status":true,"desc":"Pembayaran Internet Iconnet"},{"product_name":"SPEEDY & INDIHOME","category":"Pascabayar","brand":"INTERNET PASCABAYAR","seller_name":"Lucky 7 Cell","admin":2500,"commission":1175,"buyer_sku_code":"Indihome","buyer_product_status":true,"seller_product_status":true,"desc":"-"},{"product_name":"Acc (Astra Credit Company-Astra Sedaya Finance)","category":"Pascabayar","brand":"MULTIFINANCE","seller_name":"Lucky 7 Cell","admin":0,"commission":1225,"buyer_sku_code":"MTF1","buyer_product_status":true,"seller_product_status":true,"desc":"-"},{"product_name":"CIMB Niaga JCB","category":"Pascabayar","brand":"MULTIFINANCE","seller_name":"Lucky 7 Cell","admin":5000,"commission":675,"buyer_sku_code":"MTF10","buyer_product_status":true,"seller_product_status":true,"desc":"-"},{"product_name":"CIMB Niaga Visa","category":"Pascabayar","brand":"MULTIFINANCE","seller_name":"Lucky 7 Cell","admin":5000,"commission":675,"buyer_sku_code":"MTF11","buyer_product_status":true,"seller_product_status":true,"desc":"-"},{"product_name":"Clipan Finance","category":"Pascabayar","brand":"MULTIFINANCE","seller_name":"Lucky 7 Cell","admin":0,"commission":1225,"buyer_sku_code":"MTF12","buyer_product_status":true,"seller_product_status":true,"desc":"-"},{"product_name":"Federal Inti Finance","category":"Pascabayar","brand":"MULTIFINANCE","seller_name":"PT GLOBAL PAYMENT INDONESIA","admin":10000,"commission":1500,"buyer_sku_code":"MTF13","buyer_product_status":true,"seller_product_status":true,"desc":"-"},{"product_name":"Heksa Insurance Premi Lanjutan","category":"Pascabayar","brand":"MULTIFINANCE","seller_name":"Lucky 7 Cell","admin":0,"commission":475,"buyer_sku_code":"MTF14","buyer_product_status":true,"seller_product_status":true,"desc":"-"},{"product_name":"Home Credit Indonesia","category":"Pascabayar","brand":"MULTIFINANCE","seller_name":"Lucky 7 Cell","admin":0,"commission":1225,"buyer_sku_code":"MTF15","buyer_product_status":true,"seller_product_status":true,"desc":"-"},{"product_name":"Jaccs MPM Finance Indonesia","category":"Pascabayar","brand":"MULTIFINANCE","seller_name":"Lucky 7 Cell","admin":0,"commission":1175,"buyer_sku_code":"MTF16","buyer_product_status":true,"seller_product_status":true,"desc":"-"},{"product_name":"MNC Finance","category":"Pascabayar","brand":"MULTIFINANCE","seller_name":"Lucky 7 Cell","admin":0,"commission":1175,"buyer_sku_code":"MTF17","buyer_product_status":true,"seller_product_status":true,"desc":"-"},{"product_name":"Mega Auto Finance","category":"Pascabayar","brand":"MULTIFINANCE","seller_name":"Lucky 7 Cell","admin":0,"commission":475,"buyer_sku_code":"MTF18","buyer_product_status":true,"seller_product_status":true,"desc":"-"},{"product_name":"Mega Central Finance","category":"Pascabayar","brand":"MULTIFINANCE","seller_name":"Lucky 7 Cell","admin":0,"commission":475,"buyer_sku_code":"MTF19","buyer_product_status":true,"seller_product_status":true,"desc":"-"},{"product_name":"Adira Finance","category":"Pascabayar","brand":"MULTIFINANCE","seller_name":"PT GLOBAL PAYMENT INDONESIA","admin":7500,"commission":4700,"buyer_sku_code":"MTF2","buyer_product_status":true,"seller_product_status":true,"desc":"Adira Finance"},{"product_name":"Mega Finance","category":"Pascabayar","brand":"MULTIFINANCE","seller_name":"Lucky 7 Cell","admin":0,"commission":3475,"buyer_sku_code":"MTF20","buyer_product_status":true,"seller_product_status":true,"desc":"-"},{"product_name":"Multindo Auto Finance","category":"Pascabayar","brand":"MULTIFINANCE","seller_name":"Lucky 7 Cell","admin":0,"commission":1175,"buyer_sku_code":"MTF21","buyer_product_status":true,"seller_product_status":true,"desc":"-"},{"product_name":"NSC Finance","category":"Pascabayar","brand":"MULTIFINANCE","seller_name":"Lucky 7 Cell","admin":0,"commission":1175,"buyer_sku_code":"MTF22","buyer_product_status":true,"seller_product_status":true,"desc":"-"},{"product_name":"OTO Kredit Mobil/Motor","category":"Pascabayar","brand":"MULTIFINANCE","seller_name":"PT GLOBAL PAYMENT INDONESIA","admin":5000,"commission":4300,"buyer_sku_code":"MTF23","buyer_product_status":true,"seller_product_status":true,"desc":"-"},{"product_name":"PT Aeon Credit Service Indonesia","category":"Pascabayar","brand":"MULTIFINANCE","seller_name":"Lucky 7 Cell","admin":0,"commission":1475,"buyer_sku_code":"MTF24","buyer_product_status":true,"seller_product_status":true,"desc":"-"},{"product_name":"PT Arthaasia Finance","category":"Pascabayar","brand":"MULTIFINANCE","seller_name":"Lucky 7 Cell","admin":0,"commission":1175,"buyer_sku_code":"MTF25","buyer_product_status":true,"seller_product_status":true,"desc":"-"},{"product_name":"Premi Jiwasraya","category":"Pascabayar","brand":"MULTIFINANCE","seller_name":"Lucky 7 Cell","admin":0,"commission":375,"buyer_sku_code":"MTF26","buyer_product_status":true,"seller_product_status":true,"desc":"-"},{"product_name":"Pro Car International Finance","category":"Pascabayar","brand":"MULTIFINANCE","seller_name":"Lucky 7 Cell","admin":0,"commission":1175,"buyer_sku_code":"MTF27","buyer_product_status":true,"seller_product_status":true,"desc":"-"},{"product_name":"Pro Mitra Finance","category":"Pascabayar","brand":"MULTIFINANCE","seller_name":"Lucky 7 Cell","admin":0,"commission":1275,"buyer_sku_code":"MTF28","buyer_product_status":true,"seller_product_status":true,"desc":"-"},{"product_name":"Radana Finance / HD Finance","category":"Pascabayar","brand":"MULTIFINANCE","seller_name":"Lucky 7 Cell","admin":0,"commission":1175,"buyer_sku_code":"MTF29","buyer_product_status":true,"seller_product_status":true,"desc":"-"},{"product_name":"Aeon Cicilan","category":"Pascabayar","brand":"MULTIFINANCE","seller_name":"Lucky 7 Cell","admin":0,"commission":1225,"buyer_sku_code":"MTF3","buyer_product_status":true,"seller_product_status":true,"desc":"-"},{"product_name":"SMS Finance","category":"Pascabayar","brand":"MULTIFINANCE","seller_name":"Lucky 7 Cell","admin":6050,"commission":1275,"buyer_sku_code":"MTF30","buyer_product_status":true,"seller_product_status":true,"desc":"-"},{"product_name":"Smart Multi Finance","category":"Pascabayar","brand":"MULTIFINANCE","seller_name":"Lucky 7 Cell","admin":0,"commission":1475,"buyer_sku_code":"MTF31","buyer_product_status":true,"seller_product_status":true,"desc":"-"},{"product_name":"Wom Finance","category":"Pascabayar","brand":"MULTIFINANCE","seller_name":"Lucky 7 Cell","admin":0,"commission":475,"buyer_sku_code":"MTF32","buyer_product_status":true,"seller_product_status":true,"desc":"-"},{"product_name":"Angsuran Columbia","category":"Pascabayar","brand":"MULTIFINANCE","seller_name":"Lucky 7 Cell","admin":0,"commission":775,"buyer_sku_code":"MTF4","buyer_product_status":true,"seller_product_status":true,"desc":"-"},{"product_name":"Angsuran ITC Multi Finance","category":"Pascabayar","brand":"MULTIFINANCE","seller_name":"Lucky 7 Cell","admin":0,"commission":1275,"buyer_sku_code":"MTF5","buyer_product_status":true,"seller_product_status":true,"desc":"-"},{"product_name":"Artha Prima Finance","category":"Pascabayar","brand":"MULTIFINANCE","seller_name":"Lucky 7 Cell","admin":0,"commission":1225,"buyer_sku_code":"MTF6","buyer_product_status":true,"seller_product_status":true,"desc":"-"},{"product_name":"Bca Multifinance","category":"Pascabayar","brand":"MULTIFINANCE","seller_name":"Lucky 7 Cell","admin":7500,"commission":975,"buyer_sku_code":"MTF7","buyer_product_status":true,"seller_product_status":true,"desc":"-"},{"product_name":"Buana Finance","category":"Pascabayar","brand":"MULTIFINANCE","seller_name":"Lucky 7 Cell","admin":0,"commission":1975,"buyer_sku_code":"MTF8","buyer_product_status":true,"seller_product_status":true,"desc":"-"},{"product_name":"Bussan Auto Finance","category":"Pascabayar","brand":"MULTIFINANCE","seller_name":"PT GLOBAL PAYMENT INDONESIA","admin":3000,"commission":1400,"buyer_sku_code":"MTF9","buyer_product_status":true,"seller_product_status":true,"desc":"-"},{"product_name":"MyRepublic","category":"Pascabayar","brand":"INTERNET PASCABAYAR","seller_name":"Lucky 7 Cell","admin":0,"commission":1475,"buyer_sku_code":"MyRepublic","buyer_product_status":true,"seller_product_status":true,"desc":"Pembayaran tagihan internet MyRepublic"},{"product_name":"Ovo Bebas Nominal","category":"Pascabayar","brand":"E-MONEY","seller_name":"Lucky 7 Cell","admin":1500,"commission":300,"buyer_sku_code":"OVB","buyer_product_status":true,"seller_product_status":true,"desc":"-"},{"product_name":"PBB DKI Jakarta","category":"Pascabayar","brand":"PBB","seller_name":"Lucky 7 Cell","admin":5000,"commission":1225,"buyer_sku_code":"PBB1","buyer_product_status":true,"seller_product_status":true,"desc":"PBB DKI Jakarta"},{"product_name":"PBB Kabupaten Garut","category":"Pascabayar","brand":"PBB","seller_name":"Lucky 7 Cell","admin":5000,"commission":2475,"buyer_sku_code":"PBB10","buyer_product_status":true,"seller_product_status":true,"desc":"-"},{"product_name":"PBB Kabupaten Bandung Barat","category":"Pascabayar","brand":"PBB","seller_name":"Lucky 7 Cell","admin":6500,"commission":1475,"buyer_sku_code":"PBB2","buyer_product_status":true,"seller_product_status":true,"desc":"-"},{"product_name":"PBB Kabupaten Banyuasin","category":"Pascabayar","brand":"PBB","seller_name":"Lucky 7 Cell","admin":5000,"commission":1311,"buyer_sku_code":"PBB3","buyer_product_status":true,"seller_product_status":true,"desc":"Provinsi Sumatera Selatan"},{"product_name":"PBB Kabupaten Bekasi","category":"Pascabayar","brand":"PBB","seller_name":"Lucky 7 Cell","admin":5000,"commission":2475,"buyer_sku_code":"PBB4","buyer_product_status":true,"seller_product_status":true,"desc":"-"},{"product_name":"PBB Kabupaten Blitar","category":"Pascabayar","brand":"PBB","seller_name":"Lucky 7 Cell","admin":3500,"commission":875,"buyer_sku_code":"PBB5","buyer_product_status":true,"seller_product_status":true,"desc":"-"},{"product_name":"PBB Kabupaten Bogor Cibinong","category":"Pascabayar","brand":"PBB","seller_name":"Lucky 7 Cell","admin":6500,"commission":1475,"buyer_sku_code":"PBB6","buyer_product_status":true,"seller_product_status":true,"desc":"-"},{"product_name":"PBB Kabupaten Bungo","category":"Pascabayar","brand":"PBB","seller_name":"Lucky 7 Cell","admin":3500,"commission":875,"buyer_sku_code":"PBB7","buyer_product_status":true,"seller_product_status":true,"desc":"-"},{"product_name":"PBB Kabupaten Ciamis","category":"Pascabayar","brand":"PBB","seller_name":"Lucky 7 Cell","admin":6500,"commission":1475,"buyer_sku_code":"PBB8","buyer_product_status":true,"seller_product_status":true,"desc":"-"},{"product_name":"PDAM Aetra","category":"Pascabayar","brand":"PDAM","seller_name":"Lucky 7 Cell","admin":2500,"commission":675,"buyer_sku_code":"PDAM1","buyer_product_status":true,"seller_product_status":true,"desc":"Jakarta"},{"product_name":"PDAM Cilegon Mandiri Kota Cilegon","category":"Pascabayar","brand":"PDAM","seller_name":"Lucky 7 Cell","admin":3000,"commission":575,"buyer_sku_code":"PDAM10","buyer_product_status":true,"seller_product_status":true,"desc":"Banten"},{"product_name":"PDAM Kabupaten Mamuju","category":"Pascabayar","brand":"PDAM","seller_name":"PT GLOBAL PAYMENT INDONESIA","admin":2500,"commission":1300,"buyer_sku_code":"PDAM100","buyer_product_status":true,"seller_product_status":true,"desc":"Sulawesi Barat"},{"product_name":"PDAM Kabupaten Mempawah","category":"Pascabayar","brand":"PDAM","seller_name":"Lucky 7 Cell","admin":3000,"commission":675,"buyer_sku_code":"PDAM101","buyer_product_status":true,"seller_product_status":true,"desc":"Kalimantan Barat"},{"product_name":"PDAM Kabupaten Mojokerto","category":"Pascabayar","brand":"PDAM","seller_name":"Lucky 7 Cell","admin":2500,"commission":575,"buyer_sku_code":"PDAM102","buyer_product_status":true,"seller_product_status":true,"desc":"Jawa Timur"},{"product_name":"PDAM Kabupaten Muaro Jambi","category":"Pascabayar","brand":"PDAM","seller_name":"Lucky 7 Cell","admin":2500,"commission":825,"buyer_sku_code":"PDAM103","buyer_product_status":true,"seller_product_status":true,"desc":"Jambi"},{"product_name":"PDAM Kabupaten Nganjuk","category":"Pascabayar","brand":"PDAM","seller_name":"Lucky 7 Cell","admin":2500,"commission":775,"buyer_sku_code":"PDAM104","buyer_product_status":true,"seller_product_status":true,"desc":"Jawa Timur"},{"product_name":"PDAM Kabupaten Ngawi","category":"Pascabayar","brand":"PDAM","seller_name":"Lucky 7 Cell","admin":2000,"commission":275,"buyer_sku_code":"PDAM105","buyer_product_status":true,"seller_product_status":true,"desc":"Jawa Timur"},{"product_name":"PDAM Kabupaten Nias","category":"Pascabayar","brand":"PDAM","seller_name":"Lucky 7 Cell","admin":2500,"commission":775,"buyer_sku_code":"PDAM106","buyer_product_status":true,"seller_product_status":true,"desc":"Sumatera Utara"},{"product_name":"PDAM Kabupaten Ogan Ilir","category":"Pascabayar","brand":"PDAM","seller_name":"Lucky 7 Cell","admin":2500,"commission":375,"buyer_sku_code":"PDAM107","buyer_product_status":true,"seller_product_status":true,"desc":"Sumatera Selatan"},{"product_name":"PDAM Kabupaten Oku Selatan","category":"Pascabayar","brand":"PDAM","seller_name":"Lucky 7 Cell","admin":2000,"commission":625,"buyer_sku_code":"PDAM108","buyer_product_status":true,"seller_product_status":true,"desc":"Sumatera Selatan"},{"product_name":"PDAM Kabupaten Pacitan","category":"Pascabayar","brand":"PDAM","seller_name":"Lucky 7 Cell","admin":2500,"commission":475,"buyer_sku_code":"PDAM109","buyer_product_status":true,"seller_product_status":true,"desc":"Jawa Timur"},{"product_name":"PDAM Giri Menang Mataram","category":"Pascabayar","brand":"PDAM","seller_name":"Lucky 7 Cell","admin":2500,"commission":575,"buyer_sku_code":"PDAM11","buyer_product_status":true,"seller_product_status":true,"desc":"Nusa Tenggara Barat"},{"product_name":"PDAM Kabupaten Padang Pariaman","category":"Pascabayar","brand":"PDAM","seller_name":"Lucky 7 Cell","admin":2500,"commission":725,"buyer_sku_code":"PDAM110","buyer_product_status":true,"seller_product_status":true,"desc":"Sumatera Barat"},{"product_name":"PDAM Kabupaten Pamekasan","category":"Pascabayar","brand":"PDAM","seller_name":"Lucky 7 Cell","admin":2500,"commission":375,"buyer_sku_code":"PDAM111","buyer_product_status":true,"seller_product_status":true,"desc":"Jawa Timur"},{"product_name":"PDAM Kabupaten Pangandaran","category":"Pascabayar","brand":"PDAM","seller_name":"PT GLOBAL PAYMENT INDONESIA","admin":2500,"commission":1100,"buyer_sku_code":"PDAM112","buyer_product_status":true,"seller_product_status":true,"desc":"Jawa Barat"},{"product_name":"PDAM Kabupaten Pasaman","category":"Pascabayar","brand":"PDAM","seller_name":"Lucky 7 Cell","admin":2500,"commission":575,"buyer_sku_code":"PDAM113","buyer_product_status":true,"seller_product_status":true,"desc":"Sumatera Barat"},{"product_name":"PDAM Kabupaten Paser","category":"Pascabayar","brand":"PDAM","seller_name":"Lucky 7 Cell","admin":2000,"commission":475,"buyer_sku_code":"PDAM114","buyer_product_status":true,"seller_product_status":true,"desc":"Kalimantan Timur"},{"product_name":"PDAM Kabupaten Pasuruan","category":"Pascabayar","brand":"PDAM","seller_name":"PT GLOBAL PAYMENT INDONESIA","admin":2500,"commission":1300,"buyer_sku_code":"PDAM115","buyer_product_status":true,"seller_product_status":true,"desc":"Jawa Timur"},{"product_name":"PDAM Kabupaten Pati","category":"Pascabayar","brand":"PDAM","seller_name":"Lucky 7 Cell","admin":500,"commission":475,"buyer_sku_code":"PDAM116","buyer_product_status":true,"seller_product_status":true,"desc":"Jawa Tengah"},{"product_name":"PDAM Kabupaten Pekalongan","category":"Pascabayar","brand":"PDAM","seller_name":"Lucky 7 Cell","admin":2500,"commission":575,"buyer_sku_code":"PDAM117","buyer_product_status":true,"seller_product_status":true,"desc":"Jawa Tengah"},{"product_name":"PDAM Kabupaten Pemalang","category":"Pascabayar","brand":"PDAM","seller_name":"Lucky 7 Cell","admin":3500,"commission":475,"buyer_sku_code":"PDAM118","buyer_product_status":true,"seller_product_status":true,"desc":"Jawa Tengah"},{"product_name":"PDAM Kabupaten Pessel","category":"Pascabayar","brand":"PDAM","seller_name":"Lucky 7 Cell","admin":2700,"commission":575,"buyer_sku_code":"PDAM119","buyer_product_status":true,"seller_product_status":true,"desc":"Sumatera Barat"},{"product_name":"PDAM Intan Banjar","category":"Pascabayar","brand":"PDAM","seller_name":"Lucky 7 Cell","admin":2500,"commission":575,"buyer_sku_code":"PDAM12","buyer_product_status":true,"seller_product_status":true,"desc":"Kalimantan Selatan"},{"product_name":"PDAM Kabupaten Polewali Mandar","category":"Pascabayar","brand":"PDAM","seller_name":"Lucky 7 Cell","admin":2500,"commission":975,"buyer_sku_code":"PDAM120","buyer_product_status":true,"seller_product_status":true,"desc":"Sulawesi Barat"},{"product_name":"PDAM Kabupaten Polman","category":"Pascabayar","brand":"PDAM","seller_name":"Lucky 7 Cell","admin":3000,"commission":575,"buyer_sku_code":"PDAM121","buyer_product_status":true,"seller_product_status":true,"desc":"Jawa Barat"},{"product_name":"PDAM Kabupaten Ponorogo","category":"Pascabayar","brand":"PDAM","seller_name":"Lucky 7 Cell","admin":2500,"commission":925,"buyer_sku_code":"PDAM122","buyer_product_status":true,"seller_product_status":true,"desc":"Jawa Timur"},{"product_name":"PDAM Kabupaten Poso","category":"Pascabayar","brand":"PDAM","seller_name":"Lucky 7 Cell","admin":2500,"commission":975,"buyer_sku_code":"PDAM123","buyer_product_status":true,"seller_product_status":true,"desc":"Sulawesi Tengah"},{"product_name":"PDAM Kabupaten Probolinggo","category":"Pascabayar","brand":"PDAM","seller_name":"Lucky 7 Cell","admin":3000,"commission":475,"buyer_sku_code":"PDAM124","buyer_product_status":true,"seller_product_status":true,"desc":"Jawa Timur"},{"product_name":"PDAM Kabupaten Purbalingga","category":"Pascabayar","brand":"PDAM","seller_name":"Lucky 7 Cell","admin":3250,"commission":575,"buyer_sku_code":"PDAM125","buyer_product_status":true,"seller_product_status":true,"desc":"Jawa Tengah"},{"product_name":"PDAM Kabupaten Purworejo","category":"Pascabayar","brand":"PDAM","seller_name":"Lucky 7 Cell","admin":3000,"commission":575,"buyer_sku_code":"PDAM126","buyer_product_status":true,"seller_product_status":true,"desc":"Jawa Tengah"},{"product_name":"PDAM Kabupaten Rembang","category":"Pascabayar","brand":"PDAM","seller_name":"Lucky 7 Cell","admin":2500,"commission":575,"buyer_sku_code":"PDAM127","buyer_product_status":true,"seller_product_status":true,"desc":"Jawa Tengah"},{"product_name":"PDAM Kabupaten Sampang","category":"Pascabayar","brand":"PDAM","seller_name":"Lucky 7 Cell","admin":2500,"commission":1175,"buyer_sku_code":"PDAM128","buyer_product_status":true,"seller_product_status":true,"desc":"Jawa Timur"},{"product_name":"PDAM Kabupaten Sanggau","category":"Pascabayar","brand":"PDAM","seller_name":"Lucky 7 Cell","admin":2500,"commission":375,"buyer_sku_code":"PDAM129","buyer_product_status":true,"seller_product_status":true,"desc":"Kalimantan Barat"},{"product_name":"PDAM Kab Kuburaya","category":"Pascabayar","brand":"PDAM","seller_name":"Lucky 7 Cell","admin":2000,"commission":475,"buyer_sku_code":"PDAM13","buyer_product_status":true,"seller_product_status":true,"desc":"Kalimantan Barat"},{"product_name":"PDAM Kabupaten Semarang","category":"Pascabayar","brand":"PDAM","seller_name":"Lucky 7 Cell","admin":2700,"commission":575,"buyer_sku_code":"PDAM130","buyer_product_status":true,"seller_product_status":true,"desc":"Jawa Tengah"},{"product_name":"PDAM Kabupaten Serang","category":"Pascabayar","brand":"PDAM","seller_name":"Lucky 7 Cell","admin":3000,"commission":575,"buyer_sku_code":"PDAM131","buyer_product_status":true,"seller_product_status":true,"desc":"Banten"},{"product_name":"PDAM Kabupaten Seruyan","category":"Pascabayar","brand":"PDAM","seller_name":"Lucky 7 Cell","admin":2500,"commission":375,"buyer_sku_code":"PDAM132","buyer_product_status":true,"seller_product_status":true,"desc":"Kalimatan Tengah"},{"product_name":"PDAM Kabupaten Sidoarjo","category":"Pascabayar","brand":"PDAM","seller_name":"Lucky 7 Cell","admin":1800,"commission":325,"buyer_sku_code":"PDAM133","buyer_product_status":true,"seller_product_status":true,"desc":"Jawa Timur"},{"product_name":"PDAM Kabupaten Sidrap","category":"Pascabayar","brand":"PDAM","seller_name":"Lucky 7 Cell","admin":3000,"commission":575,"buyer_sku_code":"PDAM134","buyer_product_status":true,"seller_product_status":true,"desc":"Sulawesi Selatan"},{"product_name":"PDAM Kabupaten Sijunjung","category":"Pascabayar","brand":"PDAM","seller_name":"Lucky 7 Cell","admin":2500,"commission":375,"buyer_sku_code":"PDAM135","buyer_product_status":true,"seller_product_status":true,"desc":"Sumatera Barat"},{"product_name":"PDAM Kabupaten Sinjai","category":"Pascabayar","brand":"PDAM","seller_name":"Lucky 7 Cell","admin":2500,"commission":375,"buyer_sku_code":"PDAM136","buyer_product_status":true,"seller_product_status":true,"desc":"Sulawesi Selatan"},{"product_name":"PDAM Kabupaten Situbondo","category":"Pascabayar","brand":"PDAM","seller_name":"Lucky 7 Cell","admin":2500,"commission":575,"buyer_sku_code":"PDAM137","buyer_product_status":true,"seller_product_status":true,"desc":"Jawa Timur"},{"product_name":"PDAM Kabupaten Sleman","category":"Pascabayar","brand":"PDAM","seller_name":"Lucky 7 Cell","admin":2000,"commission":575,"buyer_sku_code":"PDAM138","buyer_product_status":true,"seller_product_status":true,"desc":"Yogyakarta"},{"product_name":"PDAM Kabupaten Solok","category":"Pascabayar","brand":"PDAM","seller_name":"Lucky 7 Cell","admin":2500,"commission":375,"buyer_sku_code":"PDAM139","buyer_product_status":true,"seller_product_status":true,"desc":"Sumatera Barat"},{"product_name":"PDAM Kabupaten Aceh Tenggara","category":"Pascabayar","brand":"PDAM","seller_name":"PT GLOBAL PAYMENT INDONESIA","admin":2500,"commission":1300,"buyer_sku_code":"PDAM14","buyer_product_status":true,"seller_product_status":true,"desc":"Aceh"},{"product_name":"PDAM Kabupaten Sorong","category":"Pascabayar","brand":"PDAM","seller_name":"Lucky 7 Cell","admin":2500,"commission":975,"buyer_sku_code":"PDAM140","buyer_product_status":true,"seller_product_status":true,"desc":"Papua Barat"},{"product_name":"PDAM Kabupaten Sragen","category":"Pascabayar","brand":"PDAM","seller_name":"Lucky 7 Cell","admin":2000,"commission":275,"buyer_sku_code":"PDAM141","buyer_product_status":true,"seller_product_status":true,"desc":"Jawa Tengah"},{"product_name":"PDAM Kabupaten Subang","category":"Pascabayar","brand":"PDAM","seller_name":"Lucky 7 Cell","admin":2500,"commission":625,"buyer_sku_code":"PDAM142","buyer_product_status":true,"seller_product_status":true,"desc":"Jawa Barat"},{"product_name":"PDAM Kabupaten Sukabumi","category":"Pascabayar","brand":"PDAM","seller_name":"Lucky 7 Cell","admin":2500,"commission":875,"buyer_sku_code":"PDAM143","buyer_product_status":true,"seller_product_status":true,"desc":"Jawa Barat"},{"product_name":"PDAM Kabupaten Sukamara","category":"Pascabayar","brand":"PDAM","seller_name":"PT GLOBAL PAYMENT INDONESIA","admin":2500,"commission":1650,"buyer_sku_code":"PDAM144","buyer_product_status":true,"seller_product_status":true,"desc":"Kalimantan Tengah"},{"product_name":"PDAM Kabupaten Sukoharjo","category":"Pascabayar","brand":"PDAM","seller_name":"Lucky 7 Cell","admin":2500,"commission":525,"buyer_sku_code":"PDAM145","buyer_product_status":true,"seller_product_status":true,"desc":"Jawa Tengah"},{"product_name":"PDAM Kabupaten Sumedang","category":"Pascabayar","brand":"PDAM","seller_name":"PT GLOBAL PAYMENT INDONESIA","admin":2500,"commission":700,"buyer_sku_code":"PDAM146","buyer_product_status":true,"seller_product_status":true,"desc":"Jawa Barat"},{"product_name":"PDAM Kabupaten Sumenep","category":"Pascabayar","brand":"PDAM","seller_name":"PT GLOBAL PAYMENT INDONESIA","admin":2000,"commission":1300,"buyer_sku_code":"PDAM147","buyer_product_status":true,"seller_product_status":true,"desc":"Jawa Timur"},{"product_name":"PDAM Kabupaten Takalar","category":"Pascabayar","brand":"PDAM","seller_name":"Lucky 7 Cell","admin":2500,"commission":775,"buyer_sku_code":"PDAM148","buyer_product_status":true,"seller_product_status":true,"desc":"Sulawesi Selatan"},{"product_name":"PDAM Kabupaten Tanah Bumbu","category":"Pascabayar","brand":"PDAM","seller_name":"Lucky 7 Cell","admin":2500,"commission":375,"buyer_sku_code":"PDAM149","buyer_product_status":true,"seller_product_status":true,"desc":"Kalimantan Selatan"},{"product_name":"PDAM Kabupaten Agam","category":"Pascabayar","brand":"PDAM","seller_name":"Lucky 7 Cell","admin":2500,"commission":475,"buyer_sku_code":"PDAM15","buyer_product_status":true,"seller_product_status":true,"desc":"Sumatera Barat"},{"product_name":"PDAM Kabupaten Tanah Laut","category":"Pascabayar","brand":"PDAM","seller_name":"Lucky 7 Cell","admin":3500,"commission":1075,"buyer_sku_code":"PDAM150","buyer_product_status":true,"seller_product_status":true,"desc":"Kalimantan Selatan"},{"product_name":"PDAM Kabupaten Tangerang","category":"Pascabayar","brand":"PDAM","seller_name":"Lucky 7 Cell","admin":2500,"commission":325,"buyer_sku_code":"PDAM151","buyer_product_status":true,"seller_product_status":true,"desc":"Banten"},{"product_name":"PDAM Kabupaten Tanjung Jabung Barat","category":"Pascabayar","brand":"PDAM","seller_name":"Lucky 7 Cell","admin":2200,"commission":375,"buyer_sku_code":"PDAM152","buyer_product_status":true,"seller_product_status":true,"desc":"Jambi"},{"product_name":"PDAM Kabupaten Tapin","category":"Pascabayar","brand":"PDAM","seller_name":"Lucky 7 Cell","admin":2000,"commission":575,"buyer_sku_code":"PDAM153","buyer_product_status":true,"seller_product_status":true,"desc":"Kalimantan Selatan"},{"product_name":"PDAM Kabupaten Tasikmalaya","category":"Pascabayar","brand":"PDAM","seller_name":"Lucky 7 Cell","admin":2500,"commission":625,"buyer_sku_code":"PDAM154","buyer_product_status":true,"seller_product_status":true,"desc":"Jawa Barat"},{"product_name":"PDAM Kabupaten Tegal","category":"Pascabayar","brand":"PDAM","seller_name":"Lucky 7 Cell","admin":2500,"commission":850,"buyer_sku_code":"PDAM155","buyer_product_status":true,"seller_product_status":true,"desc":"-"},{"product_name":"PDAM Kabupaten Temanggung","category":"Pascabayar","brand":"PDAM","seller_name":"Lucky 7 Cell","admin":2500,"commission":525,"buyer_sku_code":"PDAM156","buyer_product_status":true,"seller_product_status":true,"desc":"Jawa Tengah"},{"product_name":"PDAM Kabupaten Trenggalek","category":"Pascabayar","brand":"PDAM","seller_name":"Lucky 7 Cell","admin":2500,"commission":375,"buyer_sku_code":"PDAM157","buyer_product_status":true,"seller_product_status":true,"desc":"Jawa Timur"},{"product_name":"PDAM Kabupaten Tuban","category":"Pascabayar","brand":"PDAM","seller_name":"Lucky 7 Cell","admin":2500,"commission":375,"buyer_sku_code":"PDAM158","buyer_product_status":true,"seller_product_status":true,"desc":"Jawa Timur"},{"product_name":"PDAM Kabupaten Tulungagung","category":"Pascabayar","brand":"PDAM","seller_name":"Lucky 7 Cell","admin":2500,"commission":375,"buyer_sku_code":"PDAM159","buyer_product_status":true,"seller_product_status":true,"desc":"Jawa Timur"},{"product_name":"PDAM Kabupaten Badung","category":"Pascabayar","brand":"PDAM","seller_name":"Lucky 7 Cell","admin":2500,"commission":475,"buyer_sku_code":"PDAM16","buyer_product_status":true,"seller_product_status":true,"desc":"Bali"},{"product_name":"PDAM Kabupaten Wajo","category":"Pascabayar","brand":"PDAM","seller_name":"Lucky 7 Cell","admin":2500,"commission":725,"buyer_sku_code":"PDAM160","buyer_product_status":true,"seller_product_status":true,"desc":"Sulawesi Selatan"},{"product_name":"PDAM Kota Madiun","category":"Pascabayar","brand":"PDAM","seller_name":"Lucky 7 Cell","admin":2500,"commission":575,"buyer_sku_code":"PDAM161","buyer_product_status":true,"seller_product_status":true,"desc":"Jawa Timur"},{"product_name":"PDAM Kota Magelang","category":"Pascabayar","brand":"PDAM","seller_name":"Lucky 7 Cell","admin":2500,"commission":475,"buyer_sku_code":"PDAM162","buyer_product_status":true,"seller_product_status":true,"desc":"Jawa Tengah"},{"product_name":"PDAM Kota Makassar","category":"Pascabayar","brand":"PDAM","seller_name":"Lucky 7 Cell","admin":2500,"commission":375,"buyer_sku_code":"PDAM163","buyer_product_status":true,"seller_product_status":true,"desc":"Sulawesi Selatan"},{"product_name":"PDAM Kota Malang","category":"Pascabayar","brand":"PDAM","seller_name":"Lucky 7 Cell","admin":2500,"commission":575,"buyer_sku_code":"PDAM164","buyer_product_status":true,"seller_product_status":true,"desc":"Jawa Timur"},{"product_name":"PDAM Kota Manado","category":"Pascabayar","brand":"PDAM","seller_name":"Lucky 7 Cell","admin":3000,"commission":325,"buyer_sku_code":"PDAM165","buyer_product_status":true,"seller_product_status":true,"desc":"Sulawesi Utara"},{"product_name":"PDAM Kota Mataram","category":"Pascabayar","brand":"PDAM","seller_name":"Lucky 7 Cell","admin":2500,"commission":375,"buyer_sku_code":"PDAM166","buyer_product_status":true,"seller_product_status":true,"desc":"Nusa Tenggara Barat"},{"product_name":"PDAM Kota Medan","category":"Pascabayar","brand":"PDAM","seller_name":"Lucky 7 Cell","admin":2500,"commission":875,"buyer_sku_code":"PDAM167","buyer_product_status":true,"seller_product_status":true,"desc":"Sumatera Utara"},{"product_name":"PDAM Kota Mojokerto","category":"Pascabayar","brand":"PDAM","seller_name":"Lucky 7 Cell","admin":2300,"commission":375,"buyer_sku_code":"PDAM168","buyer_product_status":true,"seller_product_status":true,"desc":"Jawa Timur"},{"product_name":"PDAM Kota Padang","category":"Pascabayar","brand":"PDAM","seller_name":"PT GLOBAL PAYMENT INDONESIA","admin":3000,"commission":650,"buyer_sku_code":"PDAM169","buyer_product_status":true,"seller_product_status":true,"desc":"Sumatera Barat"},{"product_name":"PDAM Kabupaten Balangan","category":"Pascabayar","brand":"PDAM","seller_name":"Lucky 7 Cell","admin":2500,"commission":775,"buyer_sku_code":"PDAM17","buyer_product_status":true,"seller_product_status":true,"desc":"Kalimantan Selatan"},{"product_name":"PDAM Kota Palembang","category":"Pascabayar","brand":"PDAM","seller_name":"Lucky 7 Cell","admin":2500,"commission":675,"buyer_sku_code":"PDAM170","buyer_product_status":true,"seller_product_status":true,"desc":"Sumatera Selatan"},{"product_name":"PDAM Kota Palopo","category":"Pascabayar","brand":"PDAM","seller_name":"Lucky 7 Cell","admin":2600,"commission":475,"buyer_sku_code":"PDAM171","buyer_product_status":true,"seller_product_status":true,"desc":"Sulawesi Selatan"},{"product_name":"PDAM Kota Palu","category":"Pascabayar","brand":"PDAM","seller_name":"Lucky 7 Cell","admin":2500,"commission":725,"buyer_sku_code":"PDAM172","buyer_product_status":true,"seller_product_status":true,"desc":"Sulawesi Tengah"},{"product_name":"PDAM Kota Pare-Pare","category":"Pascabayar","brand":"PDAM","seller_name":"Lucky 7 Cell","admin":2700,"commission":575,"buyer_sku_code":"PDAM173","buyer_product_status":true,"seller_product_status":true,"desc":"Sulawesi Selatan"},{"product_name":"PDAM Kota Pasuruan","category":"Pascabayar","brand":"PDAM","seller_name":"Lucky 7 Cell","admin":3000,"commission":675,"buyer_sku_code":"PDAM174","buyer_product_status":true,"seller_product_status":true,"desc":"Jawa Timur"},{"product_name":"PDAM Kota Pekanbaru","category":"Pascabayar","brand":"PDAM","seller_name":"Lucky 7 Cell","admin":3500,"commission":575,"buyer_sku_code":"PDAM175","buyer_product_status":true,"seller_product_status":true,"desc":"Riau"},{"product_name":"PDAM Kota Probolinggo","category":"Pascabayar","brand":"PDAM","seller_name":"Lucky 7 Cell","admin":2500,"commission":975,"buyer_sku_code":"PDAM176","buyer_product_status":true,"seller_product_status":true,"desc":"Jawa Timur"},{"product_name":"PDAM Kota Salatiga","category":"Pascabayar","brand":"PDAM","seller_name":"Lucky 7 Cell","admin":2500,"commission":775,"buyer_sku_code":"PDAM177","buyer_product_status":true,"seller_product_status":true,"desc":"Jawa Tengah"},{"product_name":"PDAM Kota Samarinda","category":"Pascabayar","brand":"PDAM","seller_name":"Lucky 7 Cell","admin":2500,"commission":975,"buyer_sku_code":"PDAM178","buyer_product_status":true,"seller_product_status":true,"desc":"Kalimantan Timur"},{"product_name":"PDAM Kota Semarang","category":"Pascabayar","brand":"PDAM","seller_name":"Lucky 7 Cell","admin":4300,"commission":175,"buyer_sku_code":"PDAM179","buyer_product_status":true,"seller_product_status":true,"desc":"Jawa Tengah"},{"product_name":"PDAM Kabupaten Bandung","category":"Pascabayar","brand":"PDAM","seller_name":"Lucky 7 Cell","admin":2750,"commission":675,"buyer_sku_code":"PDAM18","buyer_product_status":true,"seller_product_status":true,"desc":"Jawa Barat"},{"product_name":"PDAM Kota Solo","category":"Pascabayar","brand":"PDAM","seller_name":"Lucky 7 Cell","admin":3000,"commission":1175,"buyer_sku_code":"PDAM180","buyer_product_status":true,"seller_product_status":true,"desc":"Jawa Tengah"},{"product_name":"PDAM Kota Solok","category":"Pascabayar","brand":"PDAM","seller_name":"Lucky 7 Cell","admin":2500,"commission":475,"buyer_sku_code":"PDAM181","buyer_product_status":true,"seller_product_status":true,"desc":"Sumatera Barat"},{"product_name":"PDAM Kota Sukabumi","category":"Pascabayar","brand":"PDAM","seller_name":"Lucky 7 Cell","admin":3000,"commission":575,"buyer_sku_code":"PDAM182","buyer_product_status":true,"seller_product_status":true,"desc":"Jawa Barat"},{"product_name":"PDAM Kota Surabaya","category":"Pascabayar","brand":"PDAM","seller_name":"Lucky 7 Cell","admin":2000,"commission":675,"buyer_sku_code":"PDAM183","buyer_product_status":true,"seller_product_status":true,"desc":"Jawa Timur"},{"product_name":"PDAM Kota Surakarta","category":"Pascabayar","brand":"PDAM","seller_name":"Lucky 7 Cell","admin":2300,"commission":375,"buyer_sku_code":"PDAM184","buyer_product_status":true,"seller_product_status":true,"desc":"Jawa Tengah"},{"product_name":"PDAM Kota Tangerang","category":"Pascabayar","brand":"PDAM","seller_name":"Lucky 7 Cell","admin":3000,"commission":775,"buyer_sku_code":"PDAM185","buyer_product_status":true,"seller_product_status":true,"desc":"Banten"},{"product_name":"PDAM Kota Tangerang Selatan","category":"Pascabayar","brand":"PDAM","seller_name":"PT GLOBAL PAYMENT INDONESIA","admin":2500,"commission":1100,"buyer_sku_code":"PDAM186","buyer_product_status":true,"seller_product_status":true,"desc":"Jawa Barat"},{"product_name":"PDAM Kota Tegal","category":"Pascabayar","brand":"PDAM","seller_name":"PT GLOBAL PAYMENT INDONESIA","admin":2500,"commission":1350,"buyer_sku_code":"PDAM187","buyer_product_status":true,"seller_product_status":true,"desc":"-"},{"product_name":"PDAM Kota Ternate","category":"Pascabayar","brand":"PDAM","seller_name":"Lucky 7 Cell","admin":3000,"commission":675,"buyer_sku_code":"PDAM188","buyer_product_status":true,"seller_product_status":true,"desc":"Maluku Utara"},{"product_name":"PDAM Kota Tomohon","category":"Pascabayar","brand":"PDAM","seller_name":"Lucky 7 Cell","admin":2250,"commission":425,"buyer_sku_code":"PDAM189","buyer_product_status":true,"seller_product_status":true,"desc":"Sulawesi Utara"},{"product_name":"PDAM Kabupaten Bandung Barat","category":"Pascabayar","brand":"PDAM","seller_name":"Lucky 7 Cell","admin":2500,"commission":900,"buyer_sku_code":"PDAM19","buyer_product_status":true,"seller_product_status":true,"desc":"Jawa Barat"},{"product_name":"PDAM Kota Waringin Timur","category":"Pascabayar","brand":"PDAM","seller_name":"Lucky 7 Cell","admin":3500,"commission":875,"buyer_sku_code":"PDAM190","buyer_product_status":true,"seller_product_status":true,"desc":"Kalimantan Tengah"},{"product_name":"PDAM Kota Wisata Batu","category":"Pascabayar","brand":"PDAM","seller_name":"Lucky 7 Cell","admin":2250,"commission":375,"buyer_sku_code":"PDAM191","buyer_product_status":true,"seller_product_status":true,"desc":"Jawa Timur"},{"product_name":"PDAM Kota Yogyakarta","category":"Pascabayar","brand":"PDAM","seller_name":"Lucky 7 Cell","admin":2000,"commission":275,"buyer_sku_code":"PDAM192","buyer_product_status":true,"seller_product_status":true,"desc":"Yogyakarta"},{"product_name":"PDAM Kota jayapura","category":"Pascabayar","brand":"PDAM","seller_name":"Lucky 7 Cell","admin":2500,"commission":975,"buyer_sku_code":"PDAM193","buyer_product_status":true,"seller_product_status":true,"desc":"Papua"},{"product_name":"PDAM Lematang Enim Muara Enim","category":"Pascabayar","brand":"PDAM","seller_name":"Lucky 7 Cell","admin":2500,"commission":375,"buyer_sku_code":"PDAM194","buyer_product_status":true,"seller_product_status":true,"desc":"Sumatera Selatan"},{"product_name":"PDAM Majene","category":"Pascabayar","brand":"PDAM","seller_name":"Lucky 7 Cell","admin":2500,"commission":775,"buyer_sku_code":"PDAM195","buyer_product_status":true,"seller_product_status":true,"desc":"Sulawesi Barat"},{"product_name":"PDAM Maluku Tengah","category":"Pascabayar","brand":"PDAM","seller_name":"PT GLOBAL PAYMENT INDONESIA","admin":2500,"commission":950,"buyer_sku_code":"PDAM196","buyer_product_status":true,"seller_product_status":true,"desc":"Maluku"},{"product_name":"PDAM Mual Natio Tarutung","category":"Pascabayar","brand":"PDAM","seller_name":"Lucky 7 Cell","admin":2500,"commission":475,"buyer_sku_code":"PDAM197","buyer_product_status":true,"seller_product_status":true,"desc":"Sumatera Utara"},{"product_name":"PDAM Oku Baturaja","category":"Pascabayar","brand":"PDAM","seller_name":"Lucky 7 Cell","admin":2500,"commission":375,"buyer_sku_code":"PDAM198","buyer_product_status":true,"seller_product_status":true,"desc":"Sumatera Selatan"},{"product_name":"PDAM PAM JAYA","category":"Pascabayar","brand":"PDAM","seller_name":"Lucky 7 Cell","admin":2500,"commission":675,"buyer_sku_code":"PDAM199","buyer_product_status":true,"seller_product_status":true,"desc":"Jakarta"},{"product_name":"PDAM Aetra Tangerang","category":"Pascabayar","brand":"PDAM","seller_name":"Lucky 7 Cell","admin":2500,"commission":575,"buyer_sku_code":"PDAM2","buyer_product_status":true,"seller_product_status":true,"desc":"Banten"},{"product_name":"PDAM Kabupaten Banggai","category":"Pascabayar","brand":"PDAM","seller_name":"Lucky 7 Cell","admin":2500,"commission":725,"buyer_sku_code":"PDAM20","buyer_product_status":true,"seller_product_status":true,"desc":"Sulawesi Tengah"},{"product_name":"PDAM Palyja Jakarta","category":"Pascabayar","brand":"PDAM","seller_name":"Lucky 7 Cell","admin":2500,"commission":675,"buyer_sku_code":"PDAM200","buyer_product_status":true,"seller_product_status":true,"desc":"Jakarta"},{"product_name":"PDAM Pancuran Telago Muarabungo","category":"Pascabayar","brand":"PDAM","seller_name":"Lucky 7 Cell","admin":2500,"commission":375,"buyer_sku_code":"PDAM201","buyer_product_status":true,"seller_product_status":true,"desc":"Jambi"},{"product_name":"PDAM Pangkalan Bun","category":"Pascabayar","brand":"PDAM","seller_name":"Lucky 7 Cell","admin":2500,"commission":575,"buyer_sku_code":"PDAM202","buyer_product_status":true,"seller_product_status":true,"desc":"Kalimantan Tengah"},{"product_name":"PDAM Pariaman","category":"Pascabayar","brand":"PDAM","seller_name":"Lucky 7 Cell","admin":2500,"commission":725,"buyer_sku_code":"PDAM203","buyer_product_status":true,"seller_product_status":true,"desc":"Sumatera Barat"},{"product_name":"PDAM Perumda Tirta Lingga","category":"Pascabayar","brand":"PDAM","seller_name":"PT GLOBAL PAYMENT INDONESIA","admin":2500,"commission":1300,"buyer_sku_code":"PDAM204","buyer_product_status":true,"seller_product_status":true,"desc":"Riau"},{"product_name":"PDAM Perumdam Way Guruh","category":"Pascabayar","brand":"PDAM","seller_name":"Lucky 7 Cell","admin":2500,"commission":975,"buyer_sku_code":"PDAM205","buyer_product_status":true,"seller_product_status":true,"desc":"Lampung"},{"product_name":"PDAM Pontianak","category":"Pascabayar","brand":"PDAM","seller_name":"Lucky 7 Cell","admin":2500,"commission":575,"buyer_sku_code":"PDAM206","buyer_product_status":true,"seller_product_status":true,"desc":"Kalimantan Barat"},{"product_name":"PDAM Sampit","category":"Pascabayar","brand":"PDAM","seller_name":"Lucky 7 Cell","admin":3000,"commission":525,"buyer_sku_code":"PDAM207","buyer_product_status":true,"seller_product_status":true,"desc":"Kalimatan Tengah"},{"product_name":"PDAM Simalungun","category":"Pascabayar","brand":"PDAM","seller_name":"Lucky 7 Cell","admin":2500,"commission":875,"buyer_sku_code":"PDAM208","buyer_product_status":true,"seller_product_status":true,"desc":"Sumatera Utara"},{"product_name":"PDAM Singkawang","category":"Pascabayar","brand":"PDAM","seller_name":"Lucky 7 Cell","admin":2500,"commission":375,"buyer_sku_code":"PDAM209","buyer_product_status":true,"seller_product_status":true,"desc":"Kalimantan Barat"},{"product_name":"PDAM Kabupaten Banggai Laut","category":"Pascabayar","brand":"PDAM","seller_name":"PT GLOBAL PAYMENT INDONESIA","admin":2500,"commission":1400,"buyer_sku_code":"PDAM21","buyer_product_status":true,"seller_product_status":true,"desc":"Sulawesi Tengah"},{"product_name":"PDAM Sumbawa","category":"Pascabayar","brand":"PDAM","seller_name":"Lucky 7 Cell","admin":2500,"commission":725,"buyer_sku_code":"PDAM210","buyer_product_status":true,"seller_product_status":true,"desc":"Nusa Tenggara Barat"},{"product_name":"PDAM Tabalong","category":"Pascabayar","brand":"PDAM","seller_name":"Lucky 7 Cell","admin":2500,"commission":375,"buyer_sku_code":"PDAM211","buyer_product_status":true,"seller_product_status":true,"desc":"Kalimantan Selatan"},{"product_name":"PDAM Tarakan","category":"Pascabayar","brand":"PDAM","seller_name":"Lucky 7 Cell","admin":2500,"commission":375,"buyer_sku_code":"PDAM212","buyer_product_status":true,"seller_product_status":true,"desc":"Kalimantan Utara"},{"product_name":"PDAM Tembilahan","category":"Pascabayar","brand":"PDAM","seller_name":"Lucky 7 Cell","admin":2500,"commission":375,"buyer_sku_code":"PDAM213","buyer_product_status":true,"seller_product_status":true,"desc":"Riau"},{"product_name":"PDAM Timor Tengah Utara","category":"Pascabayar","brand":"PDAM","seller_name":"Lucky 7 Cell","admin":2500,"commission":375,"buyer_sku_code":"PDAM214","buyer_product_status":true,"seller_product_status":true,"desc":"Nusa Tenggara Timur"},{"product_name":"PDAM Tirta Alami Kabupaten Tanah Datar","category":"Pascabayar","brand":"PDAM","seller_name":"Lucky 7 Cell","admin":2500,"commission":375,"buyer_sku_code":"PDAM215","buyer_product_status":true,"seller_product_status":true,"desc":"Sumatera Barat"},{"product_name":"PDAM Tirta Berkah Kabupaten Pandeglang","category":"Pascabayar","brand":"PDAM","seller_name":"Lucky 7 Cell","admin":3000,"commission":575,"buyer_sku_code":"PDAM216","buyer_product_status":true,"seller_product_status":true,"desc":"Banten"},{"product_name":"PDAM Tirta Betuah Banyuasin","category":"Pascabayar","brand":"PDAM","seller_name":"Lucky 7 Cell","admin":2500,"commission":375,"buyer_sku_code":"PDAM217","buyer_product_status":true,"seller_product_status":true,"desc":"Sumatera Selatan"},{"product_name":"PDAM Tirta Bhagasasi Kabupaten Bekasi","category":"Pascabayar","brand":"PDAM","seller_name":"Lucky 7 Cell","admin":2500,"commission":375,"buyer_sku_code":"PDAM218","buyer_product_status":true,"seller_product_status":true,"desc":"Jawa Barat"},{"product_name":"PDAM Tirta Buana Merangin","category":"Pascabayar","brand":"PDAM","seller_name":"Lucky 7 Cell","admin":2500,"commission":375,"buyer_sku_code":"PDAM219","buyer_product_status":true,"seller_product_status":true,"desc":"Jambi"},{"product_name":"PDAM Kabupaten Bangka Barat","category":"Pascabayar","brand":"PDAM","seller_name":"Lucky 7 Cell","admin":2500,"commission":375,"buyer_sku_code":"PDAM22","buyer_product_status":true,"seller_product_status":true,"desc":"Kepulauan Bangka Belitung\t"},{"product_name":"PDAM Tirta Bulian Tebingtinggi","category":"Pascabayar","brand":"PDAM","seller_name":"Lucky 7 Cell","admin":2500,"commission":375,"buyer_sku_code":"PDAM220","buyer_product_status":true,"seller_product_status":true,"desc":"Sumatera Utara"},{"product_name":"PDAM Tirta Darma Kabupaten Purwakarta","category":"Pascabayar","brand":"PDAM","seller_name":"Lucky 7 Cell","admin":2500,"commission":475,"buyer_sku_code":"PDAM221","buyer_product_status":true,"seller_product_status":true,"desc":"Jawa Barat"},{"product_name":"PDAM Tirta Daroy","category":"Pascabayar","brand":"PDAM","seller_name":"Lucky 7 Cell","admin":2000,"commission":625,"buyer_sku_code":"PDAM222","buyer_product_status":true,"seller_product_status":true,"desc":"Aceh"},{"product_name":"PDAM Tirta Deli Serdang","category":"Pascabayar","brand":"PDAM","seller_name":"Lucky 7 Cell","admin":2500,"commission":475,"buyer_sku_code":"PDAM223","buyer_product_status":true,"seller_product_status":true,"desc":"Sumatera Utara"},{"product_name":"PDAM Tirta Dharma Kabupaten Belitung Timur","category":"Pascabayar","brand":"PDAM","seller_name":"Lucky 7 Cell","admin":2500,"commission":375,"buyer_sku_code":"PDAM224","buyer_product_status":true,"seller_product_status":true,"desc":"Kepulauan Bangka Belitung"},{"product_name":"PDAM Tirta Intan Kabupaten Garut","category":"Pascabayar","brand":"PDAM","seller_name":"Lucky 7 Cell","admin":2500,"commission":775,"buyer_sku_code":"PDAM225","buyer_product_status":true,"seller_product_status":true,"desc":"Jawa Barat"},{"product_name":"PDAM Tirta Jam Gadang Kota Bukit Tinggi","category":"Pascabayar","brand":"PDAM","seller_name":"Lucky 7 Cell","admin":2500,"commission":375,"buyer_sku_code":"PDAM226","buyer_product_status":true,"seller_product_status":true,"desc":"Sumatera Barat"},{"product_name":"PDAM Tirta Jasa Kalianda Kabupaten Lampung Selatan","category":"Pascabayar","brand":"PDAM","seller_name":"Lucky 7 Cell","admin":2500,"commission":375,"buyer_sku_code":"PDAM227","buyer_product_status":true,"seller_product_status":true,"desc":"Lampung"},{"product_name":"PDAM Tirta Kepri Tanjungpinang","category":"Pascabayar","brand":"PDAM","seller_name":"Lucky 7 Cell","admin":2500,"commission":375,"buyer_sku_code":"PDAM228","buyer_product_status":true,"seller_product_status":true,"desc":"Riau"},{"product_name":"PDAM Tirta Keumeuneng Langsa","category":"Pascabayar","brand":"PDAM","seller_name":"Lucky 7 Cell","admin":2500,"commission":825,"buyer_sku_code":"PDAM229","buyer_product_status":true,"seller_product_status":true,"desc":"Aceh"},{"product_name":"PDAM Kabupaten Bangkalan","category":"Pascabayar","brand":"PDAM","seller_name":"Lucky 7 Cell","admin":2500,"commission":475,"buyer_sku_code":"PDAM23","buyer_product_status":true,"seller_product_status":true,"desc":"Jawa Timur"},{"product_name":"PDAM Tirta Khayangan","category":"Pascabayar","brand":"PDAM","seller_name":"Lucky 7 Cell","admin":2500,"commission":1275,"buyer_sku_code":"PDAM230","buyer_product_status":true,"seller_product_status":true,"desc":"Jambi"},{"product_name":"PDAM Tirta Komodo Kabupaten Manggarai","category":"Pascabayar","brand":"PDAM","seller_name":"Lucky 7 Cell","admin":2500,"commission":375,"buyer_sku_code":"PDAM231","buyer_product_status":true,"seller_product_status":true,"desc":"Nusa Tenggara Timur"},{"product_name":"PDAM Tirta Kualo Kota Tanjung Balai","category":"Pascabayar","brand":"PDAM","seller_name":"Lucky 7 Cell","admin":2500,"commission":825,"buyer_sku_code":"PDAM232","buyer_product_status":true,"seller_product_status":true,"desc":"Sumatera Utara"},{"product_name":"PDAM Tirta Mayang Jambi","category":"Pascabayar","brand":"PDAM","seller_name":"Lucky 7 Cell","admin":2200,"commission":275,"buyer_sku_code":"PDAM233","buyer_product_status":true,"seller_product_status":true,"desc":"Jambi"},{"product_name":"PDAM Tirta Monpase Lhokseumawe","category":"Pascabayar","brand":"PDAM","seller_name":"Lucky 7 Cell","admin":2000,"commission":275,"buyer_sku_code":"PDAM234","buyer_product_status":true,"seller_product_status":true,"desc":"Aceh"},{"product_name":"PDAM Tirta Muaro Kabupaten Tebo","category":"Pascabayar","brand":"PDAM","seller_name":"Lucky 7 Cell","admin":2500,"commission":375,"buyer_sku_code":"PDAM235","buyer_product_status":true,"seller_product_status":true,"desc":"Jambi"},{"product_name":"PDAM Tirta Multatuli Kabupaten Lebak","category":"Pascabayar","brand":"PDAM","seller_name":"Lucky 7 Cell","admin":2500,"commission":375,"buyer_sku_code":"PDAM236","buyer_product_status":true,"seller_product_status":true,"desc":"Banten"},{"product_name":"PDAM Tirta Pinang Pangkalpinang","category":"Pascabayar","brand":"PDAM","seller_name":"Lucky 7 Cell","admin":2500,"commission":375,"buyer_sku_code":"PDAM237","buyer_product_status":true,"seller_product_status":true,"desc":"Kepulauan Bangka Belitung"},{"product_name":"PDAM Tirta Prabujaya Prabumulih","category":"Pascabayar","brand":"PDAM","seller_name":"Lucky 7 Cell","admin":2500,"commission":375,"buyer_sku_code":"PDAM238","buyer_product_status":true,"seller_product_status":true,"desc":"Sumatera Selatan"},{"product_name":"PDAM Tirta Randik Sekayu","category":"Pascabayar","brand":"PDAM","seller_name":"Lucky 7 Cell","admin":3000,"commission":575,"buyer_sku_code":"PDAM239","buyer_product_status":true,"seller_product_status":true,"desc":"Sumatera Selatan"},{"product_name":"PDAM Kabupaten Bangli","category":"Pascabayar","brand":"PDAM","seller_name":"Lucky 7 Cell","admin":2500,"commission":775,"buyer_sku_code":"PDAM24","buyer_product_status":true,"seller_product_status":true,"desc":"Bali"},{"product_name":"PDAM Tirta Ratu Samban Arga Makmur Kab Bengkulu Utara","category":"Pascabayar","brand":"PDAM","seller_name":"PT GLOBAL PAYMENT INDONESIA","admin":2500,"commission":950,"buyer_sku_code":"PDAM240","buyer_product_status":true,"seller_product_status":true,"desc":"Kab Bengkulu Utara"},{"product_name":"PDAM Tirta Sako Batuah Kabupaten Sarolangun","category":"Pascabayar","brand":"PDAM","seller_name":"Lucky 7 Cell","admin":2500,"commission":375,"buyer_sku_code":"PDAM241","buyer_product_status":true,"seller_product_status":true,"desc":"Jambi"},{"product_name":"PDAM Tirta Sendawar Kabupaten Kutai Barat","category":"Pascabayar","brand":"PDAM","seller_name":"Lucky 7 Cell","admin":2500,"commission":375,"buyer_sku_code":"PDAM242","buyer_product_status":true,"seller_product_status":true,"desc":"Kalimantan Timur"},{"product_name":"PDAM Tirta Sukapura Kota Tasikmalaya","category":"Pascabayar","brand":"PDAM","seller_name":"Lucky 7 Cell","admin":2450,"commission":375,"buyer_sku_code":"PDAM243","buyer_product_status":true,"seller_product_status":true,"desc":"Jawa Barat"},{"product_name":"PDAM Tirta Tamiang Kab Aceh Tamiang","category":"Pascabayar","brand":"PDAM","seller_name":"Lucky 7 Cell","admin":2000,"commission":275,"buyer_sku_code":"PDAM244","buyer_product_status":true,"seller_product_status":true,"desc":"Aceh"},{"product_name":"PDAM Tirta Tuah Benua Kutai Timur","category":"Pascabayar","brand":"PDAM","seller_name":"Lucky 7 Cell","admin":2500,"commission":375,"buyer_sku_code":"PDAM245","buyer_product_status":true,"seller_product_status":true,"desc":"Kalimantan Timur"},{"product_name":"PDAM Tirta Uli Pematang Siantar","category":"Pascabayar","brand":"PDAM","seller_name":"Lucky 7 Cell","admin":2500,"commission":375,"buyer_sku_code":"PDAM246","buyer_product_status":true,"seller_product_status":true,"desc":"Sumatera Utara"},{"product_name":"PDAM Tirta Wampu Kabupaten Langkat","category":"Pascabayar","brand":"PDAM","seller_name":"PT GLOBAL PAYMENT INDONESIA","admin":2500,"commission":1300,"buyer_sku_code":"PDAM247","buyer_product_status":true,"seller_product_status":true,"desc":"Riau"},{"product_name":"PDAM Tirtabina Rantauprapat","category":"Pascabayar","brand":"PDAM","seller_name":"Lucky 7 Cell","admin":0,"commission":475,"buyer_sku_code":"PDAM248","buyer_product_status":true,"seller_product_status":true,"desc":"Sumatera Utara"},{"product_name":"PDAM Tirtanadi Medan","category":"Pascabayar","brand":"PDAM","seller_name":"Lucky 7 Cell","admin":2500,"commission":775,"buyer_sku_code":"PDAM249","buyer_product_status":true,"seller_product_status":true,"desc":"Sumatera Utara"},{"product_name":"PDAM Kabupaten Banjarnegara","category":"Pascabayar","brand":"PDAM","seller_name":"Lucky 7 Cell","admin":3000,"commission":775,"buyer_sku_code":"PDAM25","buyer_product_status":true,"seller_product_status":true,"desc":"Jawa Tengah"},{"product_name":"PDAM kabupaten Jepara","category":"Pascabayar","brand":"PDAM","seller_name":"PT GLOBAL PAYMENT INDONESIA","admin":3000,"commission":400,"buyer_sku_code":"PDAM252","buyer_product_status":true,"seller_product_status":true,"desc":"Jawa Tengah"},{"product_name":"Perumda Air Minum Tirta Kelimutu Kabupaten Ende","category":"Pascabayar","brand":"PDAM","seller_name":"Lucky 7 Cell","admin":2500,"commission":975,"buyer_sku_code":"PDAM253","buyer_product_status":true,"seller_product_status":true,"desc":"Nusa Tenggara Timur"},{"product_name":"Perumdam Tirta Bukit Kaba Kab Rejang Lebong","category":"Pascabayar","brand":"PDAM","seller_name":"Lucky 7 Cell","admin":3000,"commission":975,"buyer_sku_code":"PDAM254","buyer_product_status":true,"seller_product_status":true,"desc":"Bengkulu"},{"product_name":"PDAM kabupaten Barabai","category":"Pascabayar","brand":"PDAM","seller_name":"Lucky 7 Cell","admin":2500,"commission":575,"buyer_sku_code":"PDAM255","buyer_product_status":true,"seller_product_status":true,"desc":"Kalimantan Selatan"},{"product_name":"PDAM Kabupaten Bantul","category":"Pascabayar","brand":"PDAM","seller_name":"Lucky 7 Cell","admin":2500,"commission":575,"buyer_sku_code":"PDAM26","buyer_product_status":true,"seller_product_status":true,"desc":"Yogyakarta"},{"product_name":"PDAM Kabupaten Banyumas","category":"Pascabayar","brand":"PDAM","seller_name":"PT GLOBAL PAYMENT INDONESIA","admin":2500,"commission":1200,"buyer_sku_code":"PDAM27","buyer_product_status":true,"seller_product_status":true,"desc":"Jawa Tengah"},{"product_name":"PDAM Kabupaten Banyuwangi","category":"Pascabayar","brand":"PDAM","seller_name":"Lucky 7 Cell","admin":2500,"commission":925,"buyer_sku_code":"PDAM28","buyer_product_status":true,"seller_product_status":true,"desc":"Jawa Timur"},{"product_name":"PDAM Kabupaten Batang","category":"Pascabayar","brand":"PDAM","seller_name":"Lucky 7 Cell","admin":2500,"commission":975,"buyer_sku_code":"PDAM29","buyer_product_status":true,"seller_product_status":true,"desc":"Jawa Tengah"},{"product_name":"PDAM Aneuklot Kota Sabang","category":"Pascabayar","brand":"PDAM","seller_name":"PT GLOBAL PAYMENT INDONESIA","admin":2500,"commission":1400,"buyer_sku_code":"PDAM3","buyer_product_status":true,"seller_product_status":true,"desc":"Aceh"},{"product_name":"PDAM Kabupaten Batanghari","category":"Pascabayar","brand":"PDAM","seller_name":"Lucky 7 Cell","admin":2500,"commission":375,"buyer_sku_code":"PDAM30","buyer_product_status":true,"seller_product_status":true,"desc":"Jambi"},{"product_name":"PDAM Kabupaten Bengkayang","category":"Pascabayar","brand":"PDAM","seller_name":"Lucky 7 Cell","admin":2500,"commission":375,"buyer_sku_code":"PDAM31","buyer_product_status":true,"seller_product_status":true,"desc":"Kalimantan Barat"},{"product_name":"PDAM Kabupaten Berau","category":"Pascabayar","brand":"PDAM","seller_name":"Lucky 7 Cell","admin":2500,"commission":775,"buyer_sku_code":"PDAM32","buyer_product_status":true,"seller_product_status":true,"desc":"Kalimantan Timur"},{"product_name":"PDAM Kabupaten Blora","category":"Pascabayar","brand":"PDAM","seller_name":"Lucky 7 Cell","admin":2500,"commission":825,"buyer_sku_code":"PDAM33","buyer_product_status":true,"seller_product_status":true,"desc":"Jawa Tengah"},{"product_name":"PDAM Kabupaten Bogor","category":"Pascabayar","brand":"PDAM","seller_name":"Lucky 7 Cell","admin":2500,"commission":375,"buyer_sku_code":"PDAM34","buyer_product_status":true,"seller_product_status":true,"desc":"Jawa Barat"},{"product_name":"PDAM Kabupaten Bojonegoro","category":"Pascabayar","brand":"PDAM","seller_name":"Lucky 7 Cell","admin":2000,"commission":675,"buyer_sku_code":"PDAM35","buyer_product_status":true,"seller_product_status":true,"desc":"Jawa Timur"},{"product_name":"PDAM Kabupaten Bombana","category":"Pascabayar","brand":"PDAM","seller_name":"PT GLOBAL PAYMENT INDONESIA","admin":2500,"commission":1250,"buyer_sku_code":"PDAM36","buyer_product_status":true,"seller_product_status":true,"desc":"Sulawesi Selatan"},{"product_name":"PDAM Kabupaten Bondowoso","category":"Pascabayar","brand":"PDAM","seller_name":"Lucky 7 Cell","admin":2300,"commission":575,"buyer_sku_code":"PDAM37","buyer_product_status":true,"seller_product_status":true,"desc":"Jawa Timur"},{"product_name":"PDAM Kabupaten Bone","category":"Pascabayar","brand":"PDAM","seller_name":"PT GLOBAL PAYMENT INDONESIA","admin":2500,"commission":1000,"buyer_sku_code":"PDAM38","buyer_product_status":true,"seller_product_status":true,"desc":"Sulawesi Utara"},{"product_name":"PDAM Kabupaten Bone Bolango","category":"Pascabayar","brand":"PDAM","seller_name":"Lucky 7 Cell","admin":2500,"commission":475,"buyer_sku_code":"PDAM39","buyer_product_status":true,"seller_product_status":true,"desc":"Gorontalo"},{"product_name":"PDAM Ats Palembang","category":"Pascabayar","brand":"PDAM","seller_name":"Lucky 7 Cell","admin":2500,"commission":525,"buyer_sku_code":"PDAM4","buyer_product_status":true,"seller_product_status":true,"desc":"Sumatera Selatan"},{"product_name":"PDAM Kabupaten Boyolali","category":"Pascabayar","brand":"PDAM","seller_name":"Lucky 7 Cell","admin":2000,"commission":575,"buyer_sku_code":"PDAM40","buyer_product_status":true,"seller_product_status":true,"desc":"Jawa Tengah"},{"product_name":"PDAM Kabupaten Brebes","category":"Pascabayar","brand":"PDAM","seller_name":"Lucky 7 Cell","admin":2500,"commission":575,"buyer_sku_code":"PDAM41","buyer_product_status":true,"seller_product_status":true,"desc":"Jawa Tengah"},{"product_name":"PDAM Kabupaten Buleleng","category":"Pascabayar","brand":"PDAM","seller_name":"Lucky 7 Cell","admin":2500,"commission":275,"buyer_sku_code":"PDAM42","buyer_product_status":true,"seller_product_status":true,"desc":"Bali"},{"product_name":"PDAM Kabupaten Bulungan Tanjungselor","category":"Pascabayar","brand":"PDAM","seller_name":"Lucky 7 Cell","admin":2500,"commission":475,"buyer_sku_code":"PDAM43","buyer_product_status":true,"seller_product_status":true,"desc":"Kalimantan Utara"},{"product_name":"PDAM Kabupaten Buton","category":"Pascabayar","brand":"PDAM","seller_name":"Lucky 7 Cell","admin":2700,"commission":525,"buyer_sku_code":"PDAM44","buyer_product_status":true,"seller_product_status":true,"desc":"Sulawesi Tenggara"},{"product_name":"PDAM Kabupaten Ciamis","category":"Pascabayar","brand":"PDAM","seller_name":"Lucky 7 Cell","admin":2500,"commission":925,"buyer_sku_code":"PDAM45","buyer_product_status":true,"seller_product_status":true,"desc":"Jawa Barat"},{"product_name":"PDAM Kabupaten Cianjur","category":"Pascabayar","brand":"PDAM","seller_name":"Lucky 7 Cell","admin":2500,"commission":625,"buyer_sku_code":"PDAM46","buyer_product_status":true,"seller_product_status":true,"desc":"Jawa Barat"},{"product_name":"PDAM Kabupaten Cilacap","category":"Pascabayar","brand":"PDAM","seller_name":"Lucky 7 Cell","admin":3000,"commission":1075,"buyer_sku_code":"PDAM47","buyer_product_status":true,"seller_product_status":true,"desc":"Jawa Tengah"},{"product_name":"PDAM Kabupaten Cirebon","category":"Pascabayar","brand":"PDAM","seller_name":"Lucky 7 Cell","admin":2500,"commission":725,"buyer_sku_code":"PDAM48","buyer_product_status":true,"seller_product_status":true,"desc":"Jawa Barat"},{"product_name":"PDAM Kabupaten Demak","category":"Pascabayar","brand":"PDAM","seller_name":"Lucky 7 Cell","admin":2500,"commission":575,"buyer_sku_code":"PDAM49","buyer_product_status":true,"seller_product_status":true,"desc":"Jawa Tengah"},{"product_name":"PDAM Batam","category":"Pascabayar","brand":"PDAM","seller_name":"Lucky 7 Cell","admin":2500,"commission":975,"buyer_sku_code":"PDAM5","buyer_product_status":true,"seller_product_status":true,"desc":"Riau"},{"product_name":"PDAM Kabupaten Dompu","category":"Pascabayar","brand":"PDAM","seller_name":"Lucky 7 Cell","admin":2500,"commission":725,"buyer_sku_code":"PDAM50","buyer_product_status":true,"seller_product_status":true,"desc":"Nusa Tenggara Barat"},{"product_name":"PDAM Kabupaten Enrekang","category":"Pascabayar","brand":"PDAM","seller_name":"Lucky 7 Cell","admin":3000,"commission":575,"buyer_sku_code":"PDAM51","buyer_product_status":true,"seller_product_status":true,"desc":"Sulawesi Selatan"},{"product_name":"PDAM Kabupaten Gianyar","category":"Pascabayar","brand":"PDAM","seller_name":"Lucky 7 Cell","admin":2500,"commission":375,"buyer_sku_code":"PDAM52","buyer_product_status":true,"seller_product_status":true,"desc":"Bali"},{"product_name":"PDAM Kabupaten Gorontalo","category":"Pascabayar","brand":"PDAM","seller_name":"Lucky 7 Cell","admin":3000,"commission":725,"buyer_sku_code":"PDAM53","buyer_product_status":true,"seller_product_status":true,"desc":"Gorontalo"},{"product_name":"PDAM Kabupaten Gorontalo Limboto","category":"Pascabayar","brand":"PDAM","seller_name":"Lucky 7 Cell","admin":2500,"commission":375,"buyer_sku_code":"PDAM54","buyer_product_status":true,"seller_product_status":true,"desc":"Gorontalo"},{"product_name":"PDAM Kabupaten Gowa","category":"Pascabayar","brand":"PDAM","seller_name":"Lucky 7 Cell","admin":3500,"commission":575,"buyer_sku_code":"PDAM55","buyer_product_status":true,"seller_product_status":true,"desc":"Sulawesi Selatan"},{"product_name":"PDAM Kabupaten Gresik","category":"Pascabayar","brand":"PDAM","seller_name":"PT GLOBAL PAYMENT INDONESIA","admin":2500,"commission":900,"buyer_sku_code":"PDAM56","buyer_product_status":true,"seller_product_status":true,"desc":"Jawa Timur"},{"product_name":"PDAM Kabupaten Grobogan","category":"Pascabayar","brand":"PDAM","seller_name":"Lucky 7 Cell","admin":2500,"commission":475,"buyer_sku_code":"PDAM57","buyer_product_status":true,"seller_product_status":true,"desc":"Jawa Tengah"},{"product_name":"PDAM Kabupaten Gunung Kidul","category":"Pascabayar","brand":"PDAM","seller_name":"Lucky 7 Cell","admin":2200,"commission":275,"buyer_sku_code":"PDAM58","buyer_product_status":true,"seller_product_status":true,"desc":"Yogyakarta"},{"product_name":"PDAM Kabupaten Halmahera Utara","category":"Pascabayar","brand":"PDAM","seller_name":"Lucky 7 Cell","admin":3500,"commission":675,"buyer_sku_code":"PDAM59","buyer_product_status":true,"seller_product_status":true,"desc":"Maluku Utara"},{"product_name":"PDAM Batang","category":"Pascabayar","brand":"PDAM","seller_name":"Lucky 7 Cell","admin":2500,"commission":775,"buyer_sku_code":"PDAM6","buyer_product_status":true,"seller_product_status":true,"desc":"Jawa Tengah"},{"product_name":"PDAM Kabupaten Hulu Sungai Utara Amuntai","category":"Pascabayar","brand":"PDAM","seller_name":"Lucky 7 Cell","admin":3000,"commission":625,"buyer_sku_code":"PDAM60","buyer_product_status":true,"seller_product_status":true,"desc":"Kalimantan Selatan"},{"product_name":"PDAM Kabupaten Indramayu","category":"Pascabayar","brand":"PDAM","seller_name":"Lucky 7 Cell","admin":2500,"commission":325,"buyer_sku_code":"PDAM61","buyer_product_status":true,"seller_product_status":true,"desc":"Jawa Barat"},{"product_name":"PDAM Kabupaten Jember","category":"Pascabayar","brand":"PDAM","seller_name":"Lucky 7 Cell","admin":2500,"commission":275,"buyer_sku_code":"PDAM62","buyer_product_status":true,"seller_product_status":true,"desc":"Jawa Timur"},{"product_name":"PDAM Kabupaten Jembrana","category":"Pascabayar","brand":"PDAM","seller_name":"Lucky 7 Cell","admin":2500,"commission":375,"buyer_sku_code":"PDAM63","buyer_product_status":true,"seller_product_status":true,"desc":"Bali"},{"product_name":"PDAM Kabupaten Jombang","category":"Pascabayar","brand":"PDAM","seller_name":"Lucky 7 Cell","admin":2700,"commission":1065,"buyer_sku_code":"PDAM64","buyer_product_status":true,"seller_product_status":true,"desc":"Jawa Timur"},{"product_name":"PDAM Kabupaten Kapuas Hulu","category":"Pascabayar","brand":"PDAM","seller_name":"Lucky 7 Cell","admin":2500,"commission":375,"buyer_sku_code":"PDAM65","buyer_product_status":true,"seller_product_status":true,"desc":"Kalimantan Barat"},{"product_name":"PDAM Kabupaten Karanganyar","category":"Pascabayar","brand":"PDAM","seller_name":"Lucky 7 Cell","admin":2500,"commission":525,"buyer_sku_code":"PDAM66","buyer_product_status":true,"seller_product_status":true,"desc":"Jawa Tengah"},{"product_name":"PDAM Kabupaten Karawang","category":"Pascabayar","brand":"PDAM","seller_name":"Lucky 7 Cell","admin":2500,"commission":425,"buyer_sku_code":"PDAM67","buyer_product_status":true,"seller_product_status":true,"desc":"Jawa Barat"},{"product_name":"PDAM Kabupaten Kebumen","category":"Pascabayar","brand":"PDAM","seller_name":"Lucky 7 Cell","admin":3000,"commission":575,"buyer_sku_code":"PDAM68","buyer_product_status":true,"seller_product_status":true,"desc":"Jawa Tengah"},{"product_name":"PDAM Kabupaten Kediri","category":"Pascabayar","brand":"PDAM","seller_name":"Lucky 7 Cell","admin":2000,"commission":275,"buyer_sku_code":"PDAM69","buyer_product_status":true,"seller_product_status":true,"desc":"Jawa Timur"},{"product_name":"PDAM Belopa Kabupaten Luwu","category":"Pascabayar","brand":"PDAM","seller_name":"Lucky 7 Cell","admin":2500,"commission":375,"buyer_sku_code":"PDAM7","buyer_product_status":true,"seller_product_status":true,"desc":"Sulawesi Selatan"},{"product_name":"PDAM Kabupaten Kendal","category":"Pascabayar","brand":"PDAM","seller_name":"Lucky 7 Cell","admin":2500,"commission":475,"buyer_sku_code":"PDAM70","buyer_product_status":true,"seller_product_status":true,"desc":"Jawa Tengah"},{"product_name":"PDAM Kabupaten Kerinci","category":"Pascabayar","brand":"PDAM","seller_name":"Lucky 7 Cell","admin":2500,"commission":475,"buyer_sku_code":"PDAM71","buyer_product_status":true,"seller_product_status":true,"desc":"Jambi"},{"product_name":"PDAM Kabupaten Ketapang","category":"Pascabayar","brand":"PDAM","seller_name":"Lucky 7 Cell","admin":2500,"commission":375,"buyer_sku_code":"PDAM72","buyer_product_status":true,"seller_product_status":true,"desc":"Kalimantan Barat"},{"product_name":"PDAM Kabupaten Kisaran","category":"Pascabayar","brand":"PDAM","seller_name":"Lucky 7 Cell","admin":2500,"commission":1275,"buyer_sku_code":"PDAM73","buyer_product_status":true,"seller_product_status":true,"desc":"Sumatera Utara"},{"product_name":"PDAM Kabupaten Klaten","category":"Pascabayar","brand":"PDAM","seller_name":"PT GLOBAL PAYMENT INDONESIA","admin":2500,"commission":1150,"buyer_sku_code":"PDAM74","buyer_product_status":true,"seller_product_status":true,"desc":"Jawa Tengah"},{"product_name":"PDAM Kabupaten Klungkung","category":"Pascabayar","brand":"PDAM","seller_name":"Lucky 7 Cell","admin":2000,"commission":525,"buyer_sku_code":"PDAM75","buyer_product_status":true,"seller_product_status":true,"desc":"Bali"},{"product_name":"PDAM Kabupaten Kolaka Utara","category":"Pascabayar","brand":"PDAM","seller_name":"Lucky 7 Cell","admin":3000,"commission":575,"buyer_sku_code":"PDAM77","buyer_product_status":true,"seller_product_status":true,"desc":"Sulawesi Tenggara"},{"product_name":"PDAM Kabupaten Kotabaru Pulau Laut","category":"Pascabayar","brand":"PDAM","seller_name":"Lucky 7 Cell","admin":2500,"commission":375,"buyer_sku_code":"PDAM78","buyer_product_status":true,"seller_product_status":true,"desc":"Kalimantan Selatan"},{"product_name":"PDAM Kabupaten Kudus","category":"Pascabayar","brand":"PDAM","seller_name":"Lucky 7 Cell","admin":2000,"commission":275,"buyer_sku_code":"PDAM79","buyer_product_status":true,"seller_product_status":true,"desc":"Jawa Tengah"},{"product_name":"PDAM Bima","category":"Pascabayar","brand":"PDAM","seller_name":"Lucky 7 Cell","admin":2500,"commission":375,"buyer_sku_code":"PDAM8","buyer_product_status":true,"seller_product_status":true,"desc":"Nusa Tenggara Barat"},{"product_name":"PDAM Kabupaten Kulonprogo","category":"Pascabayar","brand":"PDAM","seller_name":"Lucky 7 Cell","admin":2000,"commission":975,"buyer_sku_code":"PDAM80","buyer_product_status":true,"seller_product_status":true,"desc":"Yogyakarta"},{"product_name":"PDAM Kabupaten Kuningan","category":"Pascabayar","brand":"PDAM","seller_name":"Lucky 7 Cell","admin":2500,"commission":325,"buyer_sku_code":"PDAM81","buyer_product_status":true,"seller_product_status":true,"desc":"Jawa Barat"},{"product_name":"PDAM Kabupaten Kupang","category":"Pascabayar","brand":"PDAM","seller_name":"Lucky 7 Cell","admin":2500,"commission":375,"buyer_sku_code":"PDAM82","buyer_product_status":true,"seller_product_status":true,"desc":"Nusa Tenggara Timur"},{"product_name":"PDAM Kabupaten Kutai Kertanegara","category":"Pascabayar","brand":"PDAM","seller_name":"Lucky 7 Cell","admin":2500,"commission":375,"buyer_sku_code":"PDAM83","buyer_product_status":true,"seller_product_status":true,"desc":"Kalimantan Timur"},{"product_name":"PDAM Kabupaten Lahat","category":"Pascabayar","brand":"PDAM","seller_name":"PT GLOBAL PAYMENT INDONESIA","admin":2500,"commission":1600,"buyer_sku_code":"PDAM84","buyer_product_status":true,"seller_product_status":true,"desc":"Lahat"},{"product_name":"PDAM Kabupaten Lamandau","category":"Pascabayar","brand":"PDAM","seller_name":"Lucky 7 Cell","admin":2500,"commission":375,"buyer_sku_code":"PDAM85","buyer_product_status":true,"seller_product_status":true,"desc":"Kalimantan Tengah"},{"product_name":"PDAM Kabupaten Lamongan","category":"Pascabayar","brand":"PDAM","seller_name":"Lucky 7 Cell","admin":2500,"commission":375,"buyer_sku_code":"PDAM86","buyer_product_status":true,"seller_product_status":true,"desc":"Jawa Timur"},{"product_name":"PDAM Kabupaten Limapuluh Kota","category":"Pascabayar","brand":"PDAM","seller_name":"Lucky 7 Cell","admin":2500,"commission":375,"buyer_sku_code":"PDAM87","buyer_product_status":true,"seller_product_status":true,"desc":"Sumatera Barat"},{"product_name":"PDAM Kabupaten Lombok Tengah","category":"Pascabayar","brand":"PDAM","seller_name":"Lucky 7 Cell","admin":2500,"commission":375,"buyer_sku_code":"PDAM88","buyer_product_status":true,"seller_product_status":true,"desc":"Nusa Tenggara Barat"},{"product_name":"PDAM Kabupaten Lombok Timur","category":"Pascabayar","brand":"PDAM","seller_name":"Lucky 7 Cell","admin":2500,"commission":375,"buyer_sku_code":"PDAM89","buyer_product_status":true,"seller_product_status":true,"desc":"Nusa Tenggara Barat"},{"product_name":"PDAM Bone Watampone","category":"Pascabayar","brand":"PDAM","seller_name":"Lucky 7 Cell","admin":2500,"commission":375,"buyer_sku_code":"PDAM9","buyer_product_status":true,"seller_product_status":true,"desc":"Sulawesi Selatan"},{"product_name":"PDAM Kabupaten Lumajang","category":"Pascabayar","brand":"PDAM","seller_name":"PT GLOBAL PAYMENT INDONESIA","admin":2500,"commission":1200,"buyer_sku_code":"PDAM90","buyer_product_status":true,"seller_product_status":true,"desc":"Jawa Timur"},{"product_name":"PDAM Kabupaten Luwu Timur","category":"Pascabayar","brand":"PDAM","seller_name":"Lucky 7 Cell","admin":2500,"commission":470,"buyer_sku_code":"PDAM91","buyer_product_status":true,"seller_product_status":true,"desc":"Sulawesi Selatan"},{"product_name":"PDAM Kabupaten Luwu Utara","category":"Pascabayar","brand":"PDAM","seller_name":"Lucky 7 Cell","admin":2500,"commission":375,"buyer_sku_code":"PDAM92","buyer_product_status":true,"seller_product_status":true,"desc":"Sulawesi Selatan"},{"product_name":"PDAM Kabupaten Madiun","category":"Pascabayar","brand":"PDAM","seller_name":"Lucky 7 Cell","admin":2500,"commission":775,"buyer_sku_code":"PDAM93","buyer_product_status":true,"seller_product_status":true,"desc":"Jawa Timur"},{"product_name":"PDAM Kabupaten Magelang","category":"Pascabayar","brand":"PDAM","seller_name":"Lucky 7 Cell","admin":2200,"commission":275,"buyer_sku_code":"PDAM94","buyer_product_status":true,"seller_product_status":true,"desc":"Jawa Tengah"},{"product_name":"PDAM Kabupaten Magetan","category":"Pascabayar","brand":"PDAM","seller_name":"Lucky 7 Cell","admin":2000,"commission":275,"buyer_sku_code":"PDAM95","buyer_product_status":true,"seller_product_status":true,"desc":"Jawa Timur"},{"product_name":"PDAM Kabupaten Majalengka","category":"Pascabayar","brand":"PDAM","seller_name":"Lucky 7 Cell","admin":2500,"commission":375,"buyer_sku_code":"PDAM96","buyer_product_status":true,"seller_product_status":true,"desc":"Jawa Barat"},{"product_name":"PDAM Kabupaten Malang","category":"Pascabayar","brand":"PDAM","seller_name":"Lucky 7 Cell","admin":2500,"commission":375,"buyer_sku_code":"PDAM97","buyer_product_status":true,"seller_product_status":true,"desc":"Jawa Timur"},{"product_name":"PDAM Kabupaten Malinau","category":"Pascabayar","brand":"PDAM","seller_name":"Lucky 7 Cell","admin":2500,"commission":375,"buyer_sku_code":"PDAM98","buyer_product_status":true,"seller_product_status":true,"desc":"Kalimantan Utara"},{"product_name":"PDAM Kabupaten Maluku Tenggara","category":"Pascabayar","brand":"PDAM","seller_name":"Lucky 7 Cell","admin":3500,"commission":675,"buyer_sku_code":"PDAM99","buyer_product_status":true,"seller_product_status":true,"desc":"Maluku"},{"product_name":"PDAM Kabupaten Kolaka","category":"Pascabayar","brand":"PDAM","seller_name":"Lucky 7 Cell","admin":3000,"commission":575,"buyer_sku_code":"PDM76","buyer_product_status":true,"seller_product_status":true,"desc":"Sulawesi Tenggara"},{"product_name":"Pln Pascabayar","category":"Pascabayar","brand":"PLN PASCABAYAR","seller_name":"Lucky 7 Cell","admin":2750,"commission":2275,"buyer_sku_code":"PLNP","buyer_product_status":true,"seller_product_status":true,"desc":"-"},{"product_name":"PLN Nontaglis","category":"Pascabayar","brand":"PLN NONTAGLIS","seller_name":"Lucky 7 Cell","admin":5000,"commission":1725,"buyer_sku_code":"PLNTGLIS","buyer_product_status":true,"seller_product_status":true,"desc":"-"},{"product_name":"PBB Kabupaten Cianjur","category":"Pascabayar","brand":"PBB","seller_name":"Lucky 7 Cell","admin":6500,"commission":1175,"buyer_sku_code":"PPB9","buyer_product_status":true,"seller_product_status":true,"desc":"-"},{"product_name":"Shopee Pay Bebas Nominal","category":"Pascabayar","brand":"E-MONEY","seller_name":"Lucky 7 Cell","admin":1500,"commission":300,"buyer_sku_code":"SPB","buyer_product_status":true,"seller_product_status":true,"desc":"-"},{"product_name":"TELKOMPSTN","category":"Pascabayar","brand":"INTERNET PASCABAYAR","seller_name":"Lucky 7 Cell","admin":2500,"commission":1175,"buyer_sku_code":"TELKOMPSTN","buyer_product_status":true,"seller_product_status":true,"desc":"-"},{"product_name":"FIRSTMEDIA","category":"Pascabayar","brand":"TV PASCABAYAR","seller_name":"Lucky 7 Cell","admin":0,"commission":1675,"buyer_sku_code":"TV1","buyer_product_status":true,"seller_product_status":true,"desc":"-"},{"product_name":"INDOVISION","category":"Pascabayar","brand":"TV PASCABAYAR","seller_name":"Lucky 7 Cell","admin":0,"commission":775,"buyer_sku_code":"TV2","buyer_product_status":true,"seller_product_status":true,"desc":"-"},{"product_name":"NEX MEDIA","category":"Pascabayar","brand":"TV PASCABAYAR","seller_name":"PT GLOBAL PAYMENT INDONESIA","admin":3000,"commission":2850,"buyer_sku_code":"TV3","buyer_product_status":true,"seller_product_status":true,"desc":"-"},{"product_name":"TELKOMVISION","category":"Pascabayar","brand":"TV PASCABAYAR","seller_name":"PT GLOBAL PAYMENT INDONESIA","admin":2500,"commission":1400,"buyer_sku_code":"TV4","buyer_product_status":true,"seller_product_status":true,"desc":"-"}]