[
  {
    "buyer": "6287837456208@s.whatsapp.net",
    "status": "Transaksi Sukses",
    "no_pembayaran": "INV41716083",
    "ref_id": "Z050324HZ8QL026",
    "jam": "16:38:44",
    "waktu": "05/03/24",
    "produk": "MOBILELEGEND - 3 Diamond",
    "harga": 1496.395,
    "harga_modal": 1395,
    "tujuan": "151478778616366",
    "invoice": "DCDGD202403050838405441"
  },
  {
    "buyer": "6287837456208@s.whatsapp.net",
    "status": "Transaksi Sukses",
    "no_pembayaran": "INV38414419",
    "ref_id": "Z050324ATRUUM26",
    "jam": "16:39:43",
    "waktu": "05/03/24",
    "produk": "MOBILELEGEND - 3 Diamond",
    "harga": 1496.395,
    "harga_modal": 1395,
    "tujuan": "138199862015685",
    "invoice": "DCDGD202403050839402971"
  },
  {
    "buyer": "6287837456208@s.whatsapp.net",
    "status": "Transaksi Sukses",
    "no_pembayaran": "INV25356821",
    "ref_id": "Z050324AOL7DD26",
    "jam": "16:41:46",
    "waktu": "05/03/24",
    "produk": "MOBILELEGEND - 3 Diamond",
    "harga": 1496.395,
    "harga_modal": 1395,
    "tujuan": "137411756215661",
    "invoice": "DCDGD202403050841433788"
  },
  {
    "buyer": "6285738169269@s.whatsapp.net",
    "status": "Transaksi Sukses",
    "no_pembayaran": "INV36777545",
    "ref_id": "Z060324HNYI7P26",
    "jam": "14:57:07",
    "waktu": "06/03/24",
    "produk": "Free Fire 20 Diamond",
    "harga": 3351.248,
    "harga_modal": 3248,
    "tujuan": "7194234362",
    "invoice": "TASO_Ananda々 / 14218018459302822413 / 20 Diamonds"
  },
  {
    "buyer": "6287837456208@s.whatsapp.net",
    "status": "Transaksi Sukses",
    "no_pembayaran": "INV83010402",
    "ref_id": "Z060324HNYWOA26",
    "jam": "19:21:27",
    "waktu": "06/03/24",
    "produk": "Free Fire 120 Diamond",
    "harga": 15708.593,
    "harga_modal": 15593,
    "tujuan": "7194234362",
    "invoice": "TASO_Ananda々 Reff ID : 8925976394335649319"
  },
  {
    "buyer": "6287837456208@s.whatsapp.net",
    "status": "Transaksi Sukses",
    "no_pembayaran": "Z2654871290",
    "ref_id": "ZN010424NO74726",
    "jam": "14:25:21",
    "waktu": "01/04/24",
    "produk": "PLN 100.000",
    "harga": 100195,
    "harga_modal": 100013,
    "tujuan": "551200816435",
    "invoice": "0120 48109690 1433 3284/551200816435/AYU "
  },
  {
    "buyer": "6287837456208@s.whatsapp.net",
    "status": "Transaksi Sukses",
    "no_pembayaran": "Z2675793421",
    "ref_id": "ZN040424YC68026",
    "jam": "20:43:51",
    "waktu": "04/04/24",
    "produk": "Cek Nama Token PLN",
    "harga": 106.024,
    "harga_modal": 6,
    "tujuan": "551200816435",
    "invoice": "Nama Pelanggan AYU SUNARTI NI NYOMAN"
  },
  {
    "buyer": "6287837456208@s.whatsapp.net",
    "status": "Transaksi Sukses",
    "no_pembayaran": "Z2633674601",
    "ref_id": "ZN040424JO84326",
    "jam": "20:46:49",
    "waktu": "04/04/24",
    "produk": "Cek Nama Token PLN",
    "harga": 106.024,
    "harga_modal": 6,
    "tujuan": "551200816435",
    "invoice": "Nama Pelanggan AYU SUNARTI NI NYOMAN"
  },
  {
    "buyer": "6287837456208@s.whatsapp.net",
    "status": "Transaksi Sukses",
    "no_pembayaran": "Z2683285881",
    "ref_id": "ZN040424XU87226",
    "jam": "20:48:16",
    "waktu": "04/04/24",
    "produk": "Cek Nama Token PLN",
    "harga": 106.024,
    "harga_modal": 6,
    "tujuan": "551200816435",
    "invoice": "Nama Pelanggan AYU SUNARTI NI NYOMAN"
  },
  {
    "buyer": "6287837456208@s.whatsapp.net",
    "status": "Transaksi Sukses",
    "no_pembayaran": "Z2600322168",
    "ref_id": "ZN040424VF44826",
    "jam": "22:38:52",
    "waktu": "04/04/24",
    "produk": "Free Fire 70 Diamond",
    "harga": 9249.452,
    "harga_modal": 9113,
    "tujuan": "2086874532",
    "invoice": "ʀ ᴜ ᴏ ᴋ・⁹⁹⁹/S88D81D557612E432190719"
  },
  {
    "buyer": "6287837456208@s.whatsapp.net",
    "status": "Transaksi Sukses",
    "no_pembayaran": "Z2626814900",
    "ref_id": "ZN050424FI04326",
    "jam": "10:51:58",
    "waktu": "05/04/24",
    "produk": "XL HOTROD 1 GB / 1 Hari",
    "harga": 2956.6110000000003,
    "harga_modal": 2705,
    "tujuan": "087837456208",
    "invoice": "920690807815865222"
  },
  {
    "buyer": "6287837456208@s.whatsapp.net",
    "status": "Transaksi Sukses",
    "no_pembayaran": "INV36584353",
    "ref_id": "ZN050424FI78726",
    "jam": "12:43:33",
    "waktu": "05/04/24",
    "produk": "BPJS KESEHATAN",
    "harga": 142500,
    "harga_modal": 140700,
    "tujuan": "8888801833394509",
    "invoice": "3252432D5D6846E4"
  },
  {
    "buyer": "6287837456208@s.whatsapp.net",
    "status": "Transaksi Sukses",
    "no_pembayaran": "Z2653682871",
    "ref_id": "ZN060424QO85026",
    "jam": "17:44:51",
    "waktu": "06/04/24",
    "produk": "XL Xtra Combo Flex S",
    "harga": 18066.58,
    "harga_modal": 17895,
    "tujuan": "087895006118",
    "invoice": "1bfbfd91-d4dc-4d43-ba64-b96b4d723090"
  },
  {
    "buyer": "6282226849867@s.whatsapp.net",
    "status": "Transaksi Sukses",
    "no_pembayaran": "Z2608360334",
    "ref_id": "ZN090424MS00026",
    "jam": "20:18:01",
    "waktu": "09/04/24",
    "produk": "Go Pay 35.000",
    "harga": 35611.855,
    "harga_modal": 35265,
    "tujuan": "08385043186",
    "invoice": "GOPAY-08385043186/MUNIRAHSUHERDI/35000/0420240409121753"
  },
  {
    "buyer": "62881037432856@s.whatsapp.net",
    "status": "Transaksi Sukses",
    "no_pembayaran": "Z2672208306",
    "ref_id": "ZN100424BL74126",
    "jam": "12:14:10",
    "waktu": "10/04/24",
    "produk": "Free Fire 405 Diamond",
    "harga": 54821.04789,
    "harga_modal": 52174,
    "tujuan": "7570955296",
    "invoice": "Heni8o5K3Q. RefId : 12627580347127377126"
  },
  {
    "buyer": "6282226849867@s.whatsapp.net",
    "status": "Transaksi Sukses",
    "no_pembayaran": "Z2613609035",
    "ref_id": "ZN100424GJ82226",
    "jam": "14:34:33",
    "waktu": "10/04/24",
    "produk": "Go Pay 35.000",
    "harga": 35305.56762301221,
    "harga_modal": 35265,
    "tujuan": "087825840681",
    "invoice": "GOPAY-087825840681/N*************/35000/0420240410063425"
  },
  {
    "buyer": "6282226849867@s.whatsapp.net",
    "status": "Transaksi Sukses",
    "no_pembayaran": "Z2600351000",
    "ref_id": "ZN100424LY82426",
    "jam": "15:02:37",
    "waktu": "10/04/24",
    "produk": "Go Pay 20.000",
    "harga": 20302.821619547685,
    "harga_modal": 20135,
    "tujuan": "087740205927",
    "invoice": "GOPAY-087740205927/bratakarim/20000/0520240410070231"
  },
  {
    "buyer": "6282226849867@s.whatsapp.net",
    "status": "Transaksi Sukses",
    "no_pembayaran": "Z2613140812",
    "ref_id": "ZN100424BE72426",
    "jam": "15:14:48",
    "waktu": "10/04/24",
    "produk": "Go Pay 20.000",
    "harga": 20350.585445,
    "harga_modal": 20135,
    "tujuan": "083875020437",
    "invoice": "GOPAY-083875020437/yuyundaruji/20000/052024041007144395"
  },
  {
    "buyer": "6287837456208@s.whatsapp.net",
    "status": "Transaksi Sukses",
    "no_pembayaran": "Z2635275658",
    "ref_id": "ZN100424GH88026",
    "jam": "15:58:15",
    "waktu": "10/04/24",
    "produk": "Free Fire 50 Diamond",
    "harga": 7409.010404407501,
    "harga_modal": 6649,
    "tujuan": "2791989968",
    "invoice": "Whyuzyy444 Reff ID : 5835621098068555352"
  },
  {
    "buyer": "6282226849867@s.whatsapp.net",
    "status": "Transaksi Sukses",
    "no_pembayaran": "Z2606255666",
    "ref_id": "ZN100424VU74226",
    "jam": "20:43:38",
    "waktu": "10/04/24",
    "produk": "Go Pay 20.000",
    "harga": 20554.09129945,
    "harga_modal": 20135,
    "tujuan": "087824930245",
    "invoice": "GOPAY-087824930245/mayatirta/20000/0120240410124330"
  },
  {
    "buyer": "6287837456208@s.whatsapp.net",
    "status": "Transaksi Sukses",
    "no_pembayaran": "Z2657343016",
    "ref_id": "ZN100424CK80026",
    "jam": "22:09:16",
    "waktu": "10/04/24",
    "produk": "Free Fire 150 Diamond",
    "harga": 20880.267913365,
    "harga_modal": 19882,
    "tujuan": "7194234362",
    "invoice": "9499270190627701791/140 DIAMOND FREE FIRE"
  },
  {
    "buyer": "6282226849867@s.whatsapp.net",
    "status": "Transaksi Sukses",
    "no_pembayaran": "Z2650538124",
    "ref_id": "ZN110424YR88726",
    "jam": "13:43:17",
    "waktu": "11/04/24",
    "produk": "Go Pay 20.000",
    "harga": 20600,
    "harga_modal": 20135,
    "tujuan": "085924451659",
    "invoice": "GOPAY - 085924451659/GOPAY yuyuncici/Rp.20000/0420240411054312lhTZTyRmTzID"
  },
  {
    "buyer": "6282226849867@s.whatsapp.net",
    "status": "Transaksi Sukses",
    "no_pembayaran": "Z2621313481",
    "ref_id": "ZN110424VX29426",
    "jam": "13:44:57",
    "waktu": "11/04/24",
    "produk": "Go Pay 100.000",
    "harga": 100600,
    "harga_modal": 100150,
    "tujuan": "082262682644",
    "invoice": "GOPAY - 082262682644/GOPAY Rahmat/Rp.100000/0220240411054453sykewPJaBMID"
  },
  {
    "buyer": "6287837456208@s.whatsapp.net",
    "status": "Transaksi Sukses",
    "no_pembayaran": "Z2639777617",
    "ref_id": "ZN110424GF02026",
    "jam": "20:53:42",
    "waktu": "11/04/24",
    "produk": "Free Fire 70 Diamond",
    "harga": 9635.63055,
    "harga_modal": 9113,
    "tujuan": "7458536195",
    "invoice": "Susu8l3x7q3d/S5E75B10BE9F3F040906149"
  },
  {
    "buyer": "62881037432856@s.whatsapp.net",
    "status": "Transaksi Sukses",
    "no_pembayaran": "Z2668245426",
    "ref_id": "ZN130424UU38026",
    "jam": "09:00:14",
    "waktu": "13/04/24",
    "produk": "Free Fire 210 Diamond",
    "harga": 29007.998394899998,
    "harga_modal": 27334,
    "tujuan": "7570955296",
    "invoice": "Heni8o5K3Q/S247FC0102DDD6512629112"
  },
  {
    "buyer": "62881037432856@s.whatsapp.net",
    "status": "Transaksi Sukses",
    "no_pembayaran": "Z2608762595",
    "ref_id": "ZN130424GJ50726",
    "jam": "09:13:52",
    "waktu": "13/04/24",
    "produk": "Free Fire 30 Diamond",
    "harga": 5293.4768418,
    "harga_modal": 4988,
    "tujuan": "7570955296",
    "invoice": "Heni8o5K3Q. RefId : 8430910026034098431"
  },
  {
    "buyer": "6287837456208@s.whatsapp.net",
    "status": "Transaksi Sukses",
    "no_pembayaran": "Z2651949720",
    "ref_id": "ZN140424FB52326",
    "jam": "15:34:48",
    "waktu": "14/04/24",
    "produk": "MOBILELEGEND - 3 Diamond",
    "harga": 1069.678251,
    "harga_modal": 999,
    "tujuan": "138199862015685",
    "invoice": "eaa781e29886Fannye29886eaa782. Ref: VBMLBBXX18EDB879C9A37A478E5C1C078"
  },
  {
    "buyer": "6285174279764@s.whatsapp.net",
    "status": "Transaksi Sukses",
    "no_pembayaran": "Z2617679769",
    "ref_id": "ZN150424QH05026",
    "jam": "10:19:33",
    "waktu": "15/04/24",
    "produk": "DANA 200.000",
    "harga": 199497.5,
    "harga_modal": 200075,
    "tujuan": "085174667722",
    "invoice": "DANA TOP UP NX LXX SUKXXXXX/200.000/240415GM11251707"
  },
  {
    "buyer": "6285174279764@s.whatsapp.net",
    "status": "Transaksi Sukses",
    "no_pembayaran": "Z2660156664",
    "ref_id": "ZN150424YC97426",
    "jam": "10:19:59",
    "waktu": "15/04/24",
    "produk": "DANA 200.000",
    "harga": 199497.5,
    "harga_modal": 200075,
    "tujuan": "085174667722",
    "invoice": "DANA TOP UP NX LXX SUKXXXXX/200.000/240415GM11251818"
  },
  {
    "buyer": "6287837456208@s.whatsapp.net",
    "status": "Transaksi Sukses",
    "no_pembayaran": "Z2652766062",
    "ref_id": "ZN150424LC48826",
    "jam": "06:59:39",
    "waktu": "16/04/24",
    "produk": "Free Fire Level Up Pass",
    "harga": 14700.32372849,
    "harga_modal": 13798,
    "tujuan": "2729386819",
    "invoice": "JUSTKENNZ!!,DISPLAYID:6686991730469938346"
  },
  {
    "buyer": "6287865128855@s.whatsapp.net",
    "status": "Transaksi Sukses",
    "no_pembayaran": "Z2637924318",
    "ref_id": "ZN160424HD82826",
    "jam": "16:36:45",
    "waktu": "16/04/24",
    "produk": "Free Fire 70 Diamond",
    "harga": 9757.735637,
    "harga_modal": 9113,
    "tujuan": "8456086094",
    "invoice": "TASO_Tiann々/S9A4023F0BDC08E63343694"
  },
  {
    "buyer": "6287865128855@s.whatsapp.net",
    "status": "Transaksi Sukses",
    "no_pembayaran": "Z2618431721",
    "ref_id": "ZN160424AH15126",
    "jam": "19:19:15",
    "waktu": "16/04/24",
    "produk": "Free Fire 30 Diamond",
    "harga": 5340.896012,
    "harga_modal": 4988,
    "tujuan": "8456086094",
    "invoice": "TASO_Tiann々. RefId : 13047100395134631583"
  },
  {
    "buyer": "6285174279764@s.whatsapp.net",
    "status": "Transaksi Sukses",
    "no_pembayaran": "Z2683954195",
    "ref_id": "ZN170424GW52826",
    "jam": "17:18:45",
    "waktu": "17/04/24",
    "produk": "DANA 2.000",
    "harga": 2300,
    "harga_modal": 2080,
    "tujuan": "085174667722",
    "invoice": "DNID-NX-LXX-SUKXXXXX-085174667722/2024041710121481030100166909690329663"
  },
  {
    "buyer": "6285174279764@s.whatsapp.net",
    "status": "Transaksi Sukses",
    "no_pembayaran": "Z2664379782",
    "ref_id": "ZN170424BO74726",
    "jam": "17:23:08",
    "waktu": "17/04/24",
    "produk": "Free Fire 375 Diamond",
    "harga": 52057.342949809994,
    "harga_modal": 48862,
    "tujuan": "2729386819",
    "invoice": "JustKennXzz.. RefId : 8034455801349716501"
  },
  {
    "buyer": "6285174279764@s.whatsapp.net",
    "status": "Transaksi Sukses",
    "no_pembayaran": "Z2612262500",
    "ref_id": "ZN170424CW84226",
    "jam": "17:24:56",
    "waktu": "17/04/24",
    "produk": "DANA 100.000",
    "harga": 99997.5,
    "harga_modal": 100055,
    "tujuan": "082275639713",
    "invoice": "DNID/MXx RIxxx HAxxxxxx/100000/240417GM11841288"
  },
  {
    "buyer": "6285174279764@s.whatsapp.net",
    "status": "Transaksi Sukses",
    "no_pembayaran": "Z2643660677",
    "ref_id": "ZN170424FG17726",
    "jam": "17:32:55",
    "waktu": "17/04/24",
    "produk": "Free Fire 5 Diamond",
    "harga": 902.6414070000001,
    "harga_modal": 843,
    "tujuan": "2729386819",
    "invoice": "JustKennXzz.. RefId : 2277262369042344049"
  },
  {
    "buyer": "6285174279764@s.whatsapp.net",
    "status": "Transaksi Sukses",
    "no_pembayaran": "Z2690386963",
    "ref_id": "ZN170424HX47826",
    "jam": "17:39:01",
    "waktu": "17/04/24",
    "produk": "Free Fire 30 Diamond",
    "harga": 5340.896012,
    "harga_modal": 4988,
    "tujuan": "2729386819",
    "invoice": "JustKennXzz.. RefId : 15765810170807515151"
  },
  {
    "buyer": "6287837456208@s.whatsapp.net",
    "status": "Transaksi Sukses",
    "no_pembayaran": "Z2666490575",
    "ref_id": "ZN180424SJ03626",
    "jam": "21:27:38",
    "waktu": "18/04/24",
    "produk": "Mobile Legends Cek Username",
    "harga": 100,
    "harga_modal": 10,
    "tujuan": "137411756215661",
    "invoice": "ＪＯＫＯＷＩ"
  },
  {
    "buyer": "6287837456208@s.whatsapp.net",
    "status": "Transaksi Sukses",
    "no_pembayaran": "Z2655200240",
    "ref_id": "ZN180424EQ64326",
    "jam": "22:51:39",
    "waktu": "18/04/24",
    "produk": "Mobile Legends Cek Username",
    "harga": 100,
    "harga_modal": 10,
    "tujuan": "137411756215661",
    "invoice": "ＪＯＫＯＷＩ"
  },
  {
    "buyer": "6285174279764@s.whatsapp.net",
    "status": "Transaksi Sukses",
    "no_pembayaran": "Z2662552639",
    "ref_id": "ZN180424FH94026",
    "jam": "07:34:30",
    "waktu": "19/04/24",
    "produk": "Free Fire 100 Diamond",
    "harga": 13287.2946,
    "harga_modal": 13278,
    "tujuan": "2729386819",
    "invoice": "JustKennXzz.. RefId : 8554074313269479927"
  },
  {
    "buyer": "6285174279764@s.whatsapp.net",
    "status": "Transaksi Sukses",
    "no_pembayaran": "Z2645736994",
    "ref_id": "ZN190424WZ45726",
    "jam": "08:08:59",
    "waktu": "19/04/24",
    "produk": "by.U Data 100 GB 3 Jam",
    "harga": 3792.55,
    "harga_modal": 3755,
    "tujuan": "085174667722",
    "invoice": "03358100000512646778."
  },
  {
    "buyer": "6287865128855@s.whatsapp.net",
    "status": "Transaksi Sukses",
    "no_pembayaran": "Z2684846168",
    "ref_id": "ZN190424UH81526",
    "jam": "18:46:48",
    "waktu": "19/04/24",
    "produk": "Free Fire 70 Diamond",
    "harga": 9204.13,
    "harga_modal": 9113,
    "tujuan": "8456086094",
    "invoice": "User=8456086094, Reff:5602380397005036954"
  },
  {
    "buyer": "6285174279764@s.whatsapp.net",
    "status": "Transaksi Sukses",
    "no_pembayaran": "Z2685791804",
    "ref_id": "ZN210424WO97526",
    "jam": "11:02:37",
    "waktu": "21/04/24",
    "produk": "Free Fire 210 Diamond",
    "harga": 28413.14632,
    "harga_modal": 27334,
    "tujuan": "1046159913",
    "invoice": "RellNoDrama?/SD1E14C1196E6F768466239"
  },
  {
    "buyer": "6285174279764@s.whatsapp.net",
    "status": "Transaksi Sukses",
    "no_pembayaran": "Z2622971234",
    "ref_id": "ZN210424GJ72426",
    "jam": "12:26:19",
    "waktu": "21/04/24",
    "produk": "DANA 1.000",
    "harga": 1040,
    "harga_modal": 1040,
    "tujuan": "085174667722",
    "invoice": "TOPUP SUKSES DNID Ni L*h Su****hi/Rp.1000/2024042110121420010100166813491155355"
  },
  {
    "buyer": "6285174279764@s.whatsapp.net",
    "status": "Transaksi Sukses",
    "no_pembayaran": "Z2615037958",
    "ref_id": "ZN210424QE46026",
    "jam": "12:34:33",
    "waktu": "21/04/24",
    "produk": "DANA 1.000",
    "harga": 1040,
    "harga_modal": 1040,
    "tujuan": "087837456208",
    "invoice": "TOPUP SUKSES DNID 087837456208/Rp.1000/2024042110121420010100166655691279814"
  },
  {
    "buyer": "6285174279764@s.whatsapp.net",
    "status": "Transaksi Sukses",
    "no_pembayaran": "Z2645121135",
    "ref_id": "ZN210424JL24926",
    "jam": "13:44:16",
    "waktu": "21/04/24",
    "produk": "DANA 1.000",
    "harga": 1040,
    "harga_modal": 1040,
    "tujuan": "085174667722",
    "invoice": "TOPUP SUKSES DNID Ni L*h Su****hi/Rp.1000/2024042110121420010100166082991806011"
  },
  {
    "buyer": "6285174279764@s.whatsapp.net",
    "status": "Transaksi Sukses",
    "no_pembayaran": "Z2681258796",
    "ref_id": "ZN210424AN66826",
    "jam": "19:30:45",
    "waktu": "21/04/24",
    "produk": "DANA 100.000",
    "harga": 100004.9725,
    "harga_modal": 100055,
    "tujuan": "081288806501",
    "invoice": "DNID/AGxx PUxxx PRxxxxxx/100000/240421GM11820805"
  },
  {
    "buyer": "6285174279764@s.whatsapp.net",
    "status": "Transaksi Sukses",
    "no_pembayaran": "Z2638980692",
    "ref_id": "ZN210424OT20026",
    "jam": "04:57:57",
    "waktu": "22/04/24",
    "produk": "by.U 15.000",
    "harga": 14850,
    "harga_modal": 14850,
    "tujuan": "085174667722",
    "invoice": "03399900001908449239"
  },
  {
    "buyer": "6285174279764@s.whatsapp.net",
    "status": "Transaksi Sukses",
    "no_pembayaran": "Z2604825991",
    "ref_id": "ZN220424EX77426",
    "jam": "11:13:27",
    "waktu": "22/04/24",
    "produk": "Free Fire 200 Diamond",
    "harga": 26492.747,
    "harga_modal": 26506,
    "tujuan": "2554983340",
    "invoice": "AGSMODESAD!!. RefId : 13949316441973785608"
  },
  {
    "buyer": "6285174279764@s.whatsapp.net",
    "status": "Transaksi Sukses",
    "no_pembayaran": "Z2622848214",
    "ref_id": "ZN230424JU87026",
    "jam": "16:16:02",
    "waktu": "23/04/24",
    "produk": "PLN 50.000",
    "harga": 50424.775,
    "harga_modal": 50010,
    "tujuan": "551200816435",
    "invoice": "3370-5659-6335-5955-9176/AYU SUNARTI NI NYOMAN/R1/1300VA/31.5"
  },
  {
    "buyer": "6287837456208@s.whatsapp.net",
    "status": "Transaksi Sukses",
    "no_pembayaran": "Z2630999060",
    "ref_id": "ZN230424TN57826",
    "jam": "21:27:47",
    "waktu": "23/04/24",
    "produk": "Cek Nama Token PLN",
    "harga": 100,
    "harga_modal": 6,
    "tujuan": "551200816435",
    "invoice": "32022149234/AYU SUNARTI NI NYOMAN/R1/1300VA"
  },
  {
    "buyer": "6285174279764@s.whatsapp.net",
    "status": "Transaksi Sukses",
    "no_pembayaran": "Z2633326348",
    "ref_id": "ZN240424TA67726",
    "jam": "15:06:45",
    "waktu": "24/04/24",
    "produk": "Go Pay 10.000",
    "harga": 10600,
    "harga_modal": 10205,
    "tujuan": "081999412244",
    "invoice": "DIMAS-10000-04202404240706381OTV0NU56AID"
  }
]