[{"id":"6285806144630@s.whatsapp.net","product_name":"Indosat Yellow 1 GB 1 Hari","tujuan":"085806144630","price":3652.675,"email":"alvin@gmail.com","saldo":0,"reff":"ZN010424JO66126","buyer_sku_code":"YEL2","status":false,"desc":"","deposit":"ZN010424VJ10326","syarat":false,"reff_deposit":true,"tanggal_deposit":"","desc_prabayar":"Online Gaspol 1GB 1 Hari","verfiyemail":false,"level":"Basic"},{"id":"6283808353665@s.whatsapp.net","product_name":"","tujuan":"","price":0,"email":"","saldo":0,"reff":"","buyer_sku_code":"","status":true,"desc":"","deposit":"","syarat":true,"reff_deposit":true,"tanggal_deposit":"","desc_prabayar":"","verfiyemail":true,"level":"Basic"},{"id":"62881037432856@s.whatsapp.net","product_name":"","tujuan":"","price":0,"email":"garyadithya@gmail.com","saldo":877.5247633000017,"reff":"","buyer_sku_code":"","status":true,"desc":0,"deposit":"","syarat":false,"reff_deposit":true,"tanggal_deposit":"","desc_prabayar":"","verfiyemail":false,"level":"Basic"},{"id":"6285155081449@s.whatsapp.net","product_name":"","tujuan":"","price":0,"email":"","saldo":0,"reff":"","buyer_sku_code":"","status":true,"desc":"","deposit":"","reff_deposit":true,"tanggal_deposit":"","desc_prabayar":"","verfiyemail":true,"level":"Basic"},{"id":"628875675678@s.whatsapp.net","product_name":"","tujuan":"","price":0,"email":"","saldo":0,"reff":"","buyer_sku_code":"","status":true,"desc":"","deposit":"","reff_deposit":true,"tanggal_deposit":"","desc_prabayar":"","verfiyemail":true,"level":"Basic"},{"id":"6285924501288@s.whatsapp.net","product_name":"","tujuan":"","price":0,"email":"adigtm1708@gmail.com","saldo":0,"reff":"","buyer_sku_code":"","status":true,"desc":"","deposit":"","syarat":false,"reff_deposit":true,"tanggal_deposit":"","desc_prabayar":"","verfiyemail":false,"level":"Basic"},{"id":"6288210313208@s.whatsapp.net","product_name":"","tujuan":"","price":0,"email":"agungjk@gmail.com","saldo":0,"reff":"","buyer_sku_code":"","status":true,"desc":"","deposit":"","syarat":false,"reff_deposit":true,"tanggal_deposit":"","desc_prabayar":"","verfiyemail":false,"level":"Basic"},{"id":"6285738169269@s.whatsapp.net","product_name":"","tujuan":"","price":0,"email":"","saldo":0,"reff":"","buyer_sku_code":"","status":true,"desc":"","deposit":"","syarat":true,"reff_deposit":true,"tanggal_deposit":"","desc_prabayar":"","verfiyemail":true,"level":"Basic"},{"id":"6287837456208@s.whatsapp.net","product_name":"","tujuan":"","price":0,"email":"rpgamersrpg01@gmail.com","saldo":6018.3741527374805,"reff":"","buyer_sku_code":"","status":true,"desc":0,"deposit":"ZN230424MN77726","syarat":false,"reff_deposit":true,"tanggal_deposit":"","desc_prabayar":"","verfiyemail":false,"level":"Premium","layanan":""},{"id":"62882007876511@s.whatsapp.net","product_name":"Free Fire 10 Diamond","tujuan":"123123123","price":1858.8424608,"email":"fadlancapital@gmail.com","saldo":0,"reff":"ZN050424SN57126","buyer_sku_code":"F10","status":false,"desc":"","deposit":"","syarat":false,"reff_deposit":true,"tanggal_deposit":"","desc_prabayar":"Free Fire 10 Diamond","verfiyemail":false,"level":"Basic"},{"id":"6285819993686@s.whatsapp.net","product_name":"","tujuan":"","price":0,"email":"Belum Verifikasi Email","saldo":0,"reff":"","buyer_sku_code":"","status":true,"desc":"","deposit":"","syarat":true,"reff_deposit":true,"tanggal_deposit":"","desc_prabayar":"","verfiyemail":true,"wilayah":"Makassar","level":"Basic"},{"id":"6287895006118@s.whatsapp.net","product_name":"","tujuan":"","price":0,"email":"nantasepuh@gmail.com","saldo":0,"reff":"","buyer_sku_code":"","status":true,"desc":"","deposit":"","syarat":false,"reff_deposit":true,"tanggal_deposit":"","desc_prabayar":"","verfiyemail":false,"wilayah":"Makassar","level":"Basic"},{"id":"6281238399403@s.whatsapp.net","product_name":"","tujuan":"","price":0,"email":"Belum Verifikasi Email","saldo":0,"reff":"","buyer_sku_code":"","status":true,"desc":"","deposit":"","syarat":false,"reff_deposit":true,"tanggal_deposit":"","desc_prabayar":"","verfiyemail":true,"wilayah":"Makassar","level":"Basic"},{"id":"622150996855@s.whatsapp.net","product_name":"","tujuan":"","price":0,"email":"Belum Verifikasi Email","saldo":0,"reff":"","buyer_sku_code":"","status":true,"desc":"","deposit":"","syarat":true,"reff_deposit":true,"tanggal_deposit":"","desc_prabayar":"","verfiyemail":true,"wilayah":"Makassar","level":"Basic"},{"id":"447710173736@s.whatsapp.net","product_name":"","tujuan":"","price":0,"email":"Belum Verifikasi Email","saldo":0,"reff":"","buyer_sku_code":"","status":true,"desc":"","deposit":"","syarat":true,"reff_deposit":true,"tanggal_deposit":"","desc_prabayar":"","verfiyemail":true,"wilayah":"Makassar","level":"Basic"},{"id":"6283866538006@s.whatsapp.net","product_name":"","tujuan":"","price":0,"email":"masdamm001@gmail.com","saldo":0,"reff":"","buyer_sku_code":"","status":true,"desc":"","deposit":"","syarat":false,"reff_deposit":true,"tanggal_deposit":"","desc_prabayar":"","verfiyemail":false,"wilayah":"Makassar","level":"Basic"},{"id":"6281515292625@s.whatsapp.net","product_name":"MOBILELEGEND - 3 Diamond","tujuan":"1497722632758","price":1140.4664372142001,"email":"izzamtb110@gmail.com","saldo":0,"reff":"ZN090424TC52626","buyer_sku_code":"ML3","status":false,"desc":"","deposit":"","syarat":false,"reff_deposit":true,"tanggal_deposit":"","desc_prabayar":"no pelanggan = gabungan antara user_id dan zone_id","verfiyemail":false,"wilayah":"Makassar","level":"Basic"},{"id":"6282226849867@s.whatsapp.net","product_name":"","tujuan":"","price":0,"email":"yanglainoke@gmail.com","saldo":7228.934012990096,"reff":"","buyer_sku_code":"","status":true,"desc":"","deposit":"","syarat":false,"reff_deposit":true,"tanggal_deposit":"","desc_prabayar":"","verfiyemail":false,"wilayah":"Makassar","level":"Basic"},{"id":"6285700520598@s.whatsapp.net","product_name":"","tujuan":"","price":0,"email":"xxxxx@gmail.com","saldo":0,"reff":"","buyer_sku_code":"","status":true,"desc":"","deposit":"","syarat":false,"reff_deposit":true,"tanggal_deposit":"","desc_prabayar":"","verfiyemail":false,"wilayah":"Makassar","level":"Basic"},{"id":"6282275639713@s.whatsapp.net","product_name":"MOBILELEGEND - 3 Diamond","tujuan":"710704062134","price":1069.678251,"email":"ryunzikosime@gmail.com","saldo":0,"reff":"ZN140424WH32026","buyer_sku_code":"ML3","status":false,"desc":"","deposit":"","syarat":false,"reff_deposit":true,"tanggal_deposit":"","desc_prabayar":"no pelanggan = gabungan antara user_id dan zone_id","verfiyemail":false,"cekVerify":false,"verificationCode":"","wilayah":"Makassar","level":"Basic"},{"id":"6285174279764@s.whatsapp.net","product_name":"","tujuan":"","price":0,"email":"carezannstore@gmail.com","saldo":2100364974.2817109,"reff":"","buyer_sku_code":"","status":true,"desc":0,"deposit":"ZPAYL15UJ7","syarat":false,"reff_deposit":"","tanggal_deposit":"","desc_prabayar":"","verfiyemail":false,"cekVerify":false,"verificationCode":"","wilayah":"Makassar","level":"Premium","layanan":"","idtrx":"","nama":"","target":"","harga":"","token":"","waktupesanan":""},{"id":"6281288806501@s.whatsapp.net","product_name":"","tujuan":"","price":0,"email":"serigalamalam456@gmail.com","saldo":100,"reff":"","buyer_sku_code":"","status":true,"desc":"","deposit":"","syarat":false,"reff_deposit":true,"tanggal_deposit":"","desc_prabayar":"","verfiyemail":false,"cekVerify":false,"verificationCode":"","wilayah":"Makassar","level":"Basic"},{"id":"6285174667722@s.whatsapp.net","product_name":"","tujuan":"","price":0,"email":"putuanantasaputra1567@gmail.com","saldo":4100000001,"reff":"","buyer_sku_code":"","status":true,"desc":"","deposit":"","syarat":false,"reff_deposit":true,"tanggal_deposit":"","desc_prabayar":"","verfiyemail":false,"cekVerify":false,"verificationCode":"","wilayah":"Makassar","level":"Basic","idtrx":"","nama":"","target":"","harga":"","token":"","waktupesanan":""},{"id":"6282123188567@s.whatsapp.net","product_name":"","tujuan":"","price":0,"email":"Belum Verifikasi Email","saldo":0,"reff":"","buyer_sku_code":"","status":true,"desc":"","deposit":"","syarat":true,"reff_deposit":true,"tanggal_deposit":"","desc_prabayar":"","verfiyemail":true,"cekVerify":true,"verificationCode":"","wilayah":"Makassar","level":"Basic"},{"id":"6287865128855@s.whatsapp.net","product_name":"","tujuan":"","price":0,"email":"dektiann288@gmail.com","saldo":295.8700000000008,"reff":"","buyer_sku_code":"","status":true,"desc":"","deposit":"","syarat":false,"reff_deposit":true,"tanggal_deposit":"","desc_prabayar":"","verfiyemail":false,"cekVerify":false,"verificationCode":"","wilayah":"Makassar","level":"Basic"},{"id":"628999041596@s.whatsapp.net","product_name":"","tujuan":"","price":0,"email":"Belum Verifikasi Email","saldo":0,"reff":"","buyer_sku_code":"","status":true,"desc":"","deposit":"","syarat":true,"reff_deposit":true,"tanggal_deposit":"","desc_prabayar":"","verfiyemail":true,"cekVerify":true,"verificationCode":"","wilayah":"Makassar","level":"Basic"},{"id":"6285179722574@s.whatsapp.net","product_name":"","tujuan":"","price":0,"email":"niluhsukethi@gmail.com","saldo":5000,"reff":"","buyer_sku_code":"","status":true,"desc":"","deposit":"","syarat":false,"reff_deposit":true,"tanggal_deposit":"","desc_prabayar":"","verfiyemail":false,"cekVerify":false,"verificationCode":"","wilayah":"Makassar","level":"Premium"},{"id":"6281529635863@s.whatsapp.net","product_name":"","tujuan":"","price":0,"email":"risva4962@gmail.com","saldo":0,"reff":"","buyer_sku_code":"","status":true,"desc":"","deposit":"","syarat":false,"reff_deposit":true,"tanggal_deposit":"","desc_prabayar":"","verfiyemail":false,"cekVerify":false,"verificationCode":"","wilayah":"Makassar","level":"Basic","layanan":""},{"id":"6281414567089@s.whatsapp.net","product_name":"Telkomsel 5.000","tujuan":"082281129990","price":5004.55,"email":"pldigital22@gmail.com","saldo":0,"reff":"ZN190424NJ68526","buyer_sku_code":"TSEL5","status":false,"desc":"","deposit":"","syarat":false,"reff_deposit":true,"tanggal_deposit":"","desc_prabayar":"Pulsa Telkomsel Rp 5.000","verfiyemail":false,"cekVerify":false,"verificationCode":"","wilayah":"Makassar","level":"Premium","layanan":""},{"id":"6285933215263@s.whatsapp.net","product_name":"","tujuan":"","price":0,"email":"Belum Verifikasi Email","saldo":0,"reff":"","buyer_sku_code":"","status":true,"desc":"","deposit":"","syarat":true,"reff_deposit":true,"tanggal_deposit":"","desc_prabayar":"","verfiyemail":true,"cekVerify":true,"verificationCode":"","wilayah":"Makassar","level":"Basic","layanan":""},{"id":"6289667922986@s.whatsapp.net","product_name":"","tujuan":"","price":0,"email":"Belum Verifikasi Email","saldo":0,"reff":"","buyer_sku_code":"","status":true,"desc":"","deposit":"","syarat":true,"reff_deposit":true,"tanggal_deposit":"","desc_prabayar":"","verfiyemail":true,"cekVerify":true,"verificationCode":"","wilayah":"Makassar","level":"Basic","layanan":""},{"id":"6282229712156@s.whatsapp.net","product_name":"","tujuan":"","price":0,"email":"Belum Verifikasi Email","saldo":0,"reff":"","buyer_sku_code":"","status":true,"desc":"","deposit":"","syarat":false,"reff_deposit":true,"tanggal_deposit":"","desc_prabayar":"","verfiyemail":true,"cekVerify":true,"verificationCode":"","wilayah":"Makassar","level":"Basic","layanan":""}]