[
  {
    "buyer": "6287837456208@s.whatsapp.net",
    "status": "PAID",
    "jam": "11:58:40",
    "waktu": "01/03/24",
    "no_pembayaran": "Z010324NTQ4XW26",
    "method": "MANUAL",
    "jumlah": "2000609",
    "fee": "0",
    "total": "2000609"
  },
  {
    "buyer": "6287837456208@s.whatsapp.net",
    "status": "PAID",
    "jam": "11:10:33",
    "waktu": "02/03/24",
    "no_pembayaran": "Z020324ASISFA26",
    "method": "QRIS by Nobu",
    "jumlah": "4862",
    "fee": "83",
    "total": "4945"
  },
  {
    "buyer": "6287837456208@s.whatsapp.net",
    "status": "PAID",
    "jam": "11:47:26",
    "waktu": "05/03/24",
    "no_pembayaran": "Z050324AAR0U226",
    "method": "QRIS by Nobu",
    "jumlah": "100",
    "fee": "2",
    "total": "102"
  },
  {
    "buyer": "6287837456208@s.whatsapp.net",
    "status": "PAID",
    "jam": "19:22:52",
    "waktu": "12/03/24",
    "no_pembayaran": "Z120324AZ2SVW26",
    "method": "QRIS",
    "jumlah": "30000",
    "fee": "210",
    "total": "30210"
  },
  {
    "buyer": "6287859861347@s.whatsapp.net",
    "status": "PAID",
    "jam": "00:38:50",
    "waktu": "23/03/24",
    "no_pembayaran": "ZN230324CLAO17826",
    "method": "QRIS",
    "jumlah": "1000",
    "fee": "7",
    "total": "1007"
  },
  {
    "buyer": "6287837456208@s.whatsapp.net",
    "status": "PAID",
    "jam": "18:04:32",
    "waktu": "01/04/24",
    "no_pembayaran": "ZN#25015483",
    "method": "MANUAL",
    "jumlah": "48699",
    "fee": "0",
    "total": "48699"
  },
  {
    "buyer": "6287837456208@s.whatsapp.net",
    "status": "PAID",
    "jam": "20:43:13",
    "waktu": "04/04/24",
    "no_pembayaran": "ZN040424TY88026",
    "method": "MANUAL",
    "jumlah": "100429",
    "fee": "0",
    "total": "100429"
  },
  {
    "buyer": "6287837456208@s.whatsapp.net",
    "status": "PAID",
    "jam": "12:43:08",
    "waktu": "05/04/24",
    "no_pembayaran": "ZN050424HH85426",
    "method": "MANUAL",
    "jumlah": "200424",
    "fee": "0",
    "total": "200424"
  },
  {
    "buyer": "6287837456208@s.whatsapp.net",
    "status": "PAID",
    "jam": "15:16:16",
    "waktu": "07/04/24",
    "no_pembayaran": "PAYYKYU5",
    "method": "QRIS",
    "jumlah": "100",
    "fee": "2",
    "total": "102"
  },
  {
    "buyer": "6287837456208@s.whatsapp.net",
    "status": "PAID",
    "jam": "09:55:19",
    "waktu": "08/04/24",
    "no_pembayaran": "ZPAY0GMQTQ",
    "method": "QRIS",
    "jumlah": "100",
    "fee": "2",
    "total": "102"
  },
  {
    "buyer": "6282226849867@s.whatsapp.net",
    "status": "PAID",
    "jam": "19:51:02",
    "waktu": "09/04/24",
    "no_pembayaran": "ZPAYY86C20",
    "method": "QRIS",
    "jumlah": "50000",
    "fee": "350",
    "total": "50350"
  },
  {
    "buyer": "62881037432856@s.whatsapp.net",
    "status": "PAID",
    "jam": "12:11:56",
    "waktu": "10/04/24",
    "no_pembayaran": "ZN100424UH00826",
    "method": "MANUAL",
    "jumlah": "55207",
    "fee": "0",
    "total": "55207"
  },
  {
    "buyer": "6282226849867@s.whatsapp.net",
    "status": "PAID",
    "jam": "14:03:42",
    "waktu": "10/04/24",
    "no_pembayaran": "ZN090424CF29926",
    "method": "MANUAL",
    "jumlah": "10554",
    "fee": "0",
    "total": "10554"
  },
  {
    "buyer": "6287837456208@s.whatsapp.net",
    "status": "PAID",
    "jam": "14:17:56",
    "waktu": "10/04/24",
    "no_pembayaran": "ZN100424PZ84026",
    "method": "MANUAL",
    "jumlah": "20381",
    "fee": "0",
    "total": "20381"
  },
  {
    "buyer": "6282226849867@s.whatsapp.net",
    "status": "PAID",
    "jam": "14:22:31",
    "waktu": "10/04/24",
    "no_pembayaran": "ZPAY2ISWCE",
    "method": "QRIS",
    "jumlah": "200000",
    "fee": "1400",
    "total": "201400"
  },
  {
    "buyer": "6281288806501@s.whatsapp.net",
    "status": "PAID",
    "jam": "12:15:12",
    "waktu": "12/04/24",
    "no_pembayaran": "ZPAYYXQM05",
    "method": "QRIS",
    "jumlah": "100",
    "fee": "2",
    "total": "102"
  },
  {
    "buyer": "6285174279764@s.whatsapp.net",
    "status": "PAID",
    "jam": "10:17:01",
    "waktu": "15/04/24",
    "no_pembayaran": "ZN150424QC75426",
    "method": "MANUAL",
    "jumlah": "200493",
    "fee": "0",
    "total": "200493"
  },
  {
    "buyer": "6285174279764@s.whatsapp.net",
    "status": "PAID",
    "jam": "10:18:53",
    "waktu": "15/04/24",
    "no_pembayaran": "ZN150424OZ09426",
    "method": "MANUAL",
    "jumlah": "1000277",
    "fee": "0",
    "total": "1000277"
  },
  {
    "buyer": "6285174279764@s.whatsapp.net",
    "status": "PAID",
    "jam": "21:20:03",
    "waktu": "15/04/24",
    "no_pembayaran": "ZPAYM5M4YH",
    "method": "QRIS",
    "jumlah": "100",
    "fee": "2",
    "total": "102"
  }
]